60,-0.0001314,0.034803,0.034729,-0.98245,0.034455,-0.89516,-0.088853,0.0029667,1.9803,-0.017315,3.0586,0.0014323,0.56311,3.5433,0.025205,4.4874,0.0075545,0.98733,0.4904,0.35439,0.28071,0.21427,0.14176,0.202,0.17588,0.098368,0.06201,0.062369,0.25762,0.71257,1.4702,10.865,23.856,27.072,9.1666,0.26687,73.409,0.082276,0.040233,0.082276,0.073297,0.094681,0.035673,0.15816,0.024046,139,127.14,7212,4.54e+05,9.0846,91.214,57696,26032,7336,0.92021,0.94102,0.23048,0.15843,0.17823,0.66099,22639,11169,1053,2.982,0,0.032085,0,0.028318,0.0010326,0.0030837,0.0014531,8.3589e-05,3.8691,6.8178,3.0739,0.11236,0.4522,0.41289,0.11425,0.4586,0.39547,0.1156,0.46201,0.38956,114.89,3.3031,22178,47637,43487,0.11384,0.11891,0.09949,0.19491,0.19905,0.089557,0.25006,0.25009,0.080549,0.29052,0.28712,0.073834,0.32257,0.31593,0.069048,0.0061953,0.0058501,0.046552,0.010087,0.018167,-0.016857,0.011617,0.011067,0.041379,0.010692,0.022739,-0.018914,0.020028,0.019433,0.042291,0.01423,0.029031,-0.015539,0.0026259,0.0022848,0.049431,0.0072694,0.015084,-0.025465,0.0044132,0.0038625,0.037937,0.0055743,0.012963,-0.029557,0.0062177,0.0053946,0.031067,0.0036701,0.010195,-0.036837,0.0035663,0.003563,0.048217,0.0079547,0.0096553,-0.00020921,0.0071857,0.0071929,0.047871,0.010583,0.015961,0.00031869,0.013752,0.014005,0.055552,0.017478,0.025393,0.0080715,3.1258e-06,2.2101e-06,0.00052111,-0.0025313,0.0079985,-0.0066402,4.5946e-05,3.3493e-05,0.0024432,-0.0035133,0.013657,-0.0087072,0.00028532,0.00022211,0.0075017,-0.003615,0.020107,-0.017914,0.42822,91,109,91,600,2,2,2,1
60,-0.00088355,0.059566,0.058729,-0.97014,0.058718,-0.95655,-0.014008,-0.40172,2.3728,-0.20812,3.0264,0.00073742,0.82677,3.4832,0.056163,4.3582,0.0073371,0.97183,0.45044,0.32481,0.26007,0.20462,0.16223,0.17998,0.25545,0.084698,0.050248,0.047326,0.22007,0.03838,0.66016,1.3062,14.775,21.595,8.9135,0.096438,47.385,0.12256,0.099152,0.12256,0.17776,0.18798,0.09864,0.23756,0.0072863,114,124.17,2233,1.402e+05,3.7395,17.23,17864,15928,10968,0.91931,0.93975,0.20461,0.14704,0.11948,0.64253,25016,10568,1000,2.6208,0,0.039805,0,0.03982,0.00066675,0.0015207,0.00084417,0.0029365,5.6226,9.2241,3.8822,0.10974,0.46346,0.40914,0.12602,0.48862,0.36865,0.1241,0.49037,0.37226,139.32,3.2732,27260,56585,54262,0.11462,0.11355,0.082047,0.21544,0.21525,0.081082,0.29076,0.29189,0.076718,0.34102,0.34472,0.070991,0.37677,0.38202,0.066061,0.0072628,0.0061064,0.044702,0.012308,0.019872,-0.04448,0.018345,0.016479,0.053522,0.022751,0.032366,-0.041473,0.033627,0.031943,0.058162,0.032712,0.045071,-0.026745,0.0017215,0.0012707,0.026545,0.00222,0.01256,-0.033562,0.0034608,0.0026738,0.024369,0.0021376,0.012583,-0.038495,0.0054146,0.004309,0.02216,0.0015068,0.011973,-0.041984,0.004616,0.0040522,0.051121,0.011343,0.010523,-0.027421,0.012385,0.011736,0.067586,0.02326,0.023301,-0.017714,0.024196,0.024392,0.080059,0.036692,0.038406,0.0036919,0.00092528,0.00078345,0.12635,0.01287,0.022386,-0.016664,0.0026791,0.002203,0.11669,0.017718,0.033379,-0.027637,0.0046966,0.00377,0.10115,0.020098,0.042597,-0.038167,0.37976,91,109,91,600,2,2,2,1
60,-0.016771,0.2371,0.22387,-0.88077,0.2189,-0.74953,-0.14901,0.309,2.5105,0.13248,3.0594,0.00049051,1.838,3.7963,0.23362,4.7456,0.0079892,0.88274,0.90521,0.73909,0.61392,0.45239,0.075404,0.13608,0.18313,0.063884,0.056819,0.087804,0.39687,0.86292,0.64239,1.7363,15.703,7.8702,0.40033,0.19609,27.411,0.29364,0.20706,0.29364,0.31573,0.44756,0.20839,0.48721,0.026422,106,154.3,11353,1.2254e+06,9.8522,99.853,90824,10248,5072,0.91678,0.93449,0.20809,0.1633,0.064238,0.62113,24387,10021,1125.4,3.0914,0,0.049745,0,0.03817,0.0024301,0.002776,0.0036218,0.0046421,7.0055,9.7392,2.5388,0.1115,0.48346,0.38616,0.12988,0.52306,0.32752,0.12309,0.54574,0.3182,109.21,3.0893,57094,1.6481e+05,1.6352e+05,0.082407,0.067407,0.06392,0.14394,0.11372,0.058698,0.1825,0.14171,0.052177,0.20496,0.15716,0.046234,0.21786,0.16567,0.041392,0.0019606,0.0012068,0.013076,-0.0037284,0.0094559,-0.038146,0.0044513,0.0028182,0.014072,-0.0044709,0.013324,-0.051717,0.0084422,0.0055647,0.015822,-0.0042376,0.01697,-0.064732,0.00097089,0.00062456,0.016222,-0.001444,0.007325,-0.025387,0.0020215,0.0013275,0.015424,-0.0023335,0.0058688,-0.03192,0.0034194,0.0023805,0.015164,-0.003108,0.0042166,-0.036366,0.00098975,0.00058226,0.011877,-0.0031535,0.0031947,-0.028462,0.0024273,0.0014894,0.014353,-0.0031063,0.0075903,-0.040848,0.004965,0.003152,0.017801,-0.0018862,0.012067,-0.053152,0,0,0,-0.0024348,0.013558,0,2.4436e-06,1.3409e-06,0.00011533,-0.0036647,0.01915,-0.0060224,5.7796e-05,3.2211e-05,0.0013487,-0.0046563,0.024811,-0.0098486,0.35901,91,109,91,600,2,2,2,1
60,-0.0071137,0.11732,0.1241,-0.93578,0.094884,-1.3898,0.48523,-0.088954,2.946,0.019842,3.0423,1.4626e-06,1.0478,2.9302,0.12743,3.7401,0.0062965,0.93615,0.36596,0.24211,0.18695,0.14285,0.17652,0.20075,0.3201,0.082452,0.042261,0.03673,0.14119,0.085946,7.4459e-05,0.0069899,4.7781,10.451,4.9505,0.092904,20.365,0.29078,0.10573,0.29078,0.46153,0.55236,0.23908,0.36291,0.066051,104,241.04,11125,1.5609e+06,7.3872,60.389,89000,48384,14752,0.90722,0.92272,0.34004,0.28341,0.14593,0.74085,43821,14967,1353.8,3.4906,0,0.081609,0,0.031965,0.00085415,0.0042837,0.0014279,0.0074768,1.8537,2.7187,0.31525,0.10911,0.45092,0.41953,0.1065,0.46592,0.39804,0.11458,0.44437,0.41545,204.87,3.3562,75006,3.5661e+05,3.5609e+05,0.13063,0.13258,0.14987,0.23727,0.24732,0.14311,0.31856,0.32909,0.13471,0.38165,0.38215,0.12733,0.42411,0.41425,0.11917,0.012328,0.015616,0.12161,0.035006,0.042325,0.051906,0.024522,0.029169,0.11466,0.044286,0.051174,0.049135,0.039298,0.044545,0.10894,0.052208,0.058301,0.043093,0.0068925,0.010942,0.17033,0.034465,0.048076,0.084875,0.012918,0.019213,0.14578,0.039353,0.050978,0.090142,0.019149,0.027087,0.1256,0.041286,0.051051,0.090969,0.0050349,0.0043199,0.089363,0.016559,0.013436,-0.018183,0.011744,0.010137,0.1027,0.027469,0.022801,-0.024861,0.020808,0.018147,0.11034,0.038091,0.031856,-0.030167,0.00040095,0.00035462,0.087751,0.0054157,0.011962,-0.0050538,0.0014488,0.0012632,0.10113,0.010133,0.019582,-0.0086703,0.0030942,0.0026654,0.1068,0.014789,0.027062,-0.013154,0.38978,91,109,91,600,2,2,2,1
60,-0.0084178,0.24188,0.24755,-0.8672,0.21468,-1.1832,0.36442,0.078964,2.986,0.045751,3.0444,7.0718e-07,1.64,3.2319,0.25666,4.2573,0.0071672,0.87092,0.7445,0.47871,0.349,0.25163,0.050955,0.097322,0.36377,0.11781,0.07435,0.065938,0.22986,1.5164,0.99145,0.0093483,1.0666,1.7039,0.47208,0.067511,5.8272,0.28604,0.1085,0.28604,0.34023,0.74576,0.21662,0.51751,0.08785,162,126.15,8317,4.4797e+05,11.323,138.13,66536,6760,6416,0.91922,0.94144,0.20807,0.14464,0.15081,0.62598,20806,12470,974.58,2.6584,0,0.040588,0,0.035063,0.00042861,0.0026835,0.00010188,0.0022284,2.0053,5.5568,4.1384,0.1172,0.46243,0.40012,0.13322,0.47512,0.3625,0.14257,0.47332,0.35611,153.13,3.201,41072,1.0471e+05,1.0294e+05,0.090211,0.085988,0.093721,0.17099,0.16285,0.093396,0.23237,0.22049,0.088981,0.27498,0.25989,0.083079,0.30707,0.28937,0.078138,0.014458,0.016658,0.12915,0.040982,0.044888,0.057465,0.028043,0.031769,0.11874,0.050371,0.056064,0.066294,0.043036,0.047542,0.10803,0.056211,0.063329,0.063125,0.0096055,0.011783,0.21496,0.048522,0.051072,0.06842,0.016964,0.02017,0.17335,0.052281,0.052735,0.07174,0.023958,0.027589,0.14231,0.052327,0.050368,0.066399,0.003057,0.0028145,0.049134,0.0062503,0.0083064,-0.013955,0.0067178,0.0062832,0.053203,0.010073,0.014575,-0.015861,0.011467,0.010814,0.055065,0.013562,0.020773,-0.017761,0.0017957,0.0020602,0.35589,0.032886,0.037046,0.022998,0.0055215,0.0064201,0.34904,0.048728,0.057392,0.037584,0.010173,0.01158,0.31796,0.059419,0.072176,0.040805,0.43046,91,109,91,600,2,2,2,1
60,-0.0020511,0.074567,0.073119,-0.96268,0.072787,-1.0275,0.067345,-0.20505,2.4941,-0.08285,3.0634,0.00033143,0.98001,3.6395,0.072267,4.8127,0.0081022,0.96377,0.43974,0.30032,0.23028,0.18047,0.1766,0.18683,0.25339,0.093429,0.054921,0.043026,0.1918,0.0030245,0.25525,0.7337,7.9679,12.026,7.295,0.090223,28.371,0.12672,0.12351,0.12672,0.14989,0.17825,0.094889,0.26887,0.0030461,109,291.43,8438,1.1704e+06,5.8419,39.874,67504,51768,22968,0.91077,0.9265,0.31897,0.24699,0.1905,0.68351,37109,16312,1210.9,3.2242,0,0.051628,0,0.032905,0.00054931,0.0032036,0.00015005,0.0033907,5.8984,7.9416,2.2801,0.10225,0.45842,0.42128,0.096631,0.46171,0.42157,0.094293,0.46136,0.42897,152.27,3.3703,49846,1.9625e+05,1.9477e+05,0.13431,0.13795,0.18952,0.25478,0.25724,0.18902,0.3461,0.34739,0.18001,0.41433,0.41322,0.17003,0.46752,0.46238,0.16159,0.0077412,0.0062528,0.093923,0.019481,0.02018,-0.040845,0.01688,0.013726,0.097083,0.028212,0.028182,-0.054178,0.027916,0.023327,0.095181,0.034551,0.035622,-0.059707,0.0035974,0.0030768,0.10935,0.015923,0.01643,-0.019722,0.0062184,0.005083,0.086313,0.01492,0.014752,-0.0308,0.0086625,0.0068801,0.069886,0.012499,0.012178,-0.040065,0.0036113,0.0026431,0.078838,0.010437,0.0097868,-0.040699,0.0092144,0.0070072,0.099119,0.021127,0.019507,-0.052229,0.016582,0.013156,0.10816,0.030409,0.029203,-0.058117,0.0005325,0.00053288,0.14334,0.0090936,0.013892,4.7133e-05,0.0017784,0.0018508,0.1527,0.014988,0.023182,0.0040508,0.0036417,0.0039238,0.1546,0.020572,0.033413,0.010417,0.46036,91,109,91,600,2,2,2,1
60,-0.011926,0.1909,0.1984,-0.89514,0.15937,-1.2922,0.44354,0.62098,3.5646,0.11216,3.0346,3.9642e-06,1.5802,3.6321,0.18872,4.8117,0.0081004,0.90454,0.47396,0.30124,0.23172,0.1776,0.14037,0.17217,0.33607,0.09841,0.047397,0.040776,0.1648,0.068608,0.0024072,0.0084626,1.5973,4.9679,2.3064,0.0032064,8.9544,0.41205,0.18114,0.41205,0.52794,0.53374,0.23678,0.44531,0.086269,93,160.46,11860,1.507e+06,9.4059,89.967,94880,5648,3288,0.91696,0.93546,0.28316,0.2389,0.072726,0.79476,39724,11130,914.75,2.4975,0,0.039253,0,0.032648,0.0001755,0.0015679,0.00033045,0.00063382,0.4156,1.8898,2.1526,0.11236,0.47428,0.39828,0.11885,0.49501,0.37416,0.11674,0.50476,0.37178,136.05,3.1863,91814,3.4586e+05,3.4523e+05,0.099617,0.088624,0.06928,0.17615,0.14892,0.064408,0.23186,0.19001,0.059435,0.27034,0.21706,0.054676,0.29372,0.23304,0.050033,0.0018339,0.0010001,0.010966,-0.0039013,0.004523,-0.033912,0.0044587,0.0024727,0.012638,-0.0042147,0.0064751,-0.047387,0.0081699,0.0046919,0.013729,-0.0044002,0.0089494,-0.059719,0.00044077,0.00026293,0.006603,-0.0038754,0.0043538,-0.017147,0.0017104,0.0010186,0.011701,-0.0031396,0.0034345,-0.028023,0.0036646,0.0022941,0.014571,-0.0023962,0.0032706,-0.0357,0.0013931,0.00073715,0.014989,-0.0014072,0.0009064,-0.029407,0.0027483,0.0014541,0.01457,-0.0021044,0.0039223,-0.038134,0.0045054,0.0023978,0.014483,-0.0026908,0.0068687,-0.04791,0,0,0,-0.0023029,0.0061558,0,0,0,0,-0.0034852,0.0078649,0,0,0,0,-0.0047054,0.01028,0,0.34185,91,109,91,600,2,2,2,1
60,-0.027735,0.50792,0.47809,-0.72188,0.47686,-0.75857,0.050831,-0.20771,3.0045,-0.060456,3.0312,1.8933e-05,2.3141,3.1566,0.53569,4.036,0.0067945,0.72908,1.0017,0.67601,0.55783,0.43971,0.06356,0.090023,0.31984,0.10215,0.047629,0.055421,0.32137,0.13181,0.37305,0.051684,0.6494,2.6817,0.24229,0.36096,4.4909,0.36071,0.13198,0.36071,0.46847,0.62692,0.27875,0.79063,0.31554,108,91.537,6122,3.502e+05,9.8364,100.29,48976,4408,3640,0.92073,0.94289,0.11585,0.093035,0.00079441,0.52723,15546,7999,946.4,2.3994,0,0.076132,0,0.040075,0.0017576,0.0017824,0.0019282,0.003456,3.4201,0.94771,2.7723,0.11791,0.47299,0.38986,0.14246,0.51267,0.32345,0.14398,0.52816,0.30947,73.895,3.1189,96756,2.4966e+05,2.4873e+05,0.08643,0.071898,0.043333,0.15962,0.12706,0.042074,0.21588,0.1656,0.039894,0.25727,0.19337,0.03751,0.29162,0.21678,0.035811,0.012662,0.011514,0.054583,0.023769,0.023598,-0.015653,0.025397,0.023523,0.051897,0.030438,0.030906,-0.017178,0.041579,0.038355,0.050369,0.036985,0.037218,-0.022829,0.012437,0.011386,0.13432,0.044811,0.035963,-0.014372,0.023929,0.02266,0.11801,0.053728,0.042338,-0.011845,0.037217,0.035743,0.10668,0.060983,0.046866,-0.010895,0.00022485,0.00012832,0.001744,-0.0050547,-0.0005513,-0.017782,0.0014679,0.00086318,0.0056102,-0.0045973,0.0021256,-0.028169,0.0043329,0.0025953,0.010041,-0.0025666,0.0053399,-0.040529,0,0,0,-0.0019502,0.0086908,0,1.3418e-09,7.2024e-10,4.0933e-08,-0.0029514,0.012675,-0.0054145,2.8621e-05,1.5902e-05,0.00043171,-0.0038586,0.016502,-0.0084528,0.37808,91,109,91,600,2,2,2,1
60,-0.008073,0.17453,0.18264,-0.90391,0.14648,-1.3061,0.44496,-0.055122,2.9171,0.019932,3.039,5.6885e-07,1.5971,3.6785,0.18787,4.8081,0.0080945,0.90572,0.47542,0.3178,0.24747,0.18317,0.13726,0.17712,0.3289,0.089747,0.047361,0.048228,0.17139,0.048758,0.0012572,0.0033453,2.3881,5.3263,1.3491,0.0040041,9.1208,0.37557,0.10107,0.37557,0.48171,0.51127,0.23381,0.44445,0.093847,82,262.63,9491,1.4026e+06,6.526,48.036,75928,38400,14520,0.91383,0.93083,0.32374,0.26002,0.16462,0.76978,33984,13654,1366.9,3.4413,0,0.081601,0,0.039524,0.00091226,0.0059537,0.00068405,0.0082487,0.19049,1.7314,2.2299,0.11572,0.4482,0.42121,0.12102,0.4474,0.4211,0.13333,0.42385,0.43248,144.51,3.3697,89062,3.0866e+05,3.0774e+05,0.12357,0.12261,0.12372,0.21755,0.20961,0.11452,0.27773,0.25829,0.10249,0.31276,0.28454,0.091065,0.33199,0.29802,0.081414,0.0072305,0.005941,0.062244,0.014498,0.020929,-0.028577,0.015117,0.012337,0.061685,0.019551,0.027289,-0.04036,0.025497,0.020528,0.061681,0.024742,0.032541,-0.054239,0.0040639,0.0031874,0.087644,0.015997,0.018866,-0.025185,0.0074326,0.005754,0.073199,0.016879,0.018774,-0.033755,0.010926,0.0083341,0.06254,0.016516,0.017129,-0.041834,0.0030794,0.0027008,0.047698,0.0062381,0.0090396,-0.013496,0.0077256,0.0066474,0.058964,0.013037,0.015924,-0.022374,0.014436,0.012192,0.066807,0.020364,0.022778,-0.032863,8.7247e-05,5.2821e-05,0.016664,-0.0010725,0.012765,-0.0091521,0.00041886,0.00025703,0.025517,-0.00025434,0.019549,-0.016256,0.0012898,0.00080988,0.03885,0.0024399,0.026378,-0.025558,0.37443,91,109,91,600,2,2,2,1
60,-0.0085494,0.16263,0.16988,-0.91096,0.13384,-1.3305,0.46059,-0.22498,2.8107,-0.024543,3.0665,4.9803e-05,1.7767,4.2351,0.17541,5.8469,0.0098432,0.91204,0.49264,0.29922,0.22478,0.17116,0.13258,0.15422,0.33055,0.11564,0.054238,0.04334,0.16944,0.010559,0.083856,7.706e-05,1.3432,4.9067,2.5116,0.0012876,8.8573,0.2211,0.11994,0.2211,0.46118,0.52109,0.22694,0.43012,0.091168,103,246.17,8623,1.0323e+06,6.66,50.6,68984,42104,15840,0.91538,0.93296,0.3568,0.27534,0.23798,0.80037,31860,15086,1078.7,2.7737,0,0.043811,0,0.0266,0.00016861,0.00097655,0.00020861,0.0016523,1.1121,0.38512,0.75789,0.1047,0.45556,0.41789,0.1082,0.46045,0.39994,0.10408,0.45188,0.41641,185.75,3.3431,70904,2.4004e+05,2.3843e+05,0.11335,0.12741,0.13869,0.21043,0.23209,0.13537,0.29033,0.31402,0.13094,0.35714,0.37819,0.12708,0.40781,0.42622,0.12222,0.0081777,0.0070691,0.086034,0.019815,0.020946,-0.02771,0.01811,0.015916,0.090314,0.029354,0.030229,-0.034542,0.031056,0.027566,0.091815,0.038126,0.038699,-0.040826,0.0047606,0.00436,0.12547,0.022147,0.021299,-0.012805,0.009712,0.0090618,0.11689,0.027847,0.024582,-0.013669,0.015431,0.014499,0.10795,0.031666,0.026233,-0.015109,0.0020169,0.0015166,0.03818,0.0013743,0.0031049,-0.025943,0.0051343,0.0039219,0.04789,0.0054664,0.0081672,-0.036896,0.010447,0.0082232,0.059085,0.012068,0.014951,-0.04574,0.0014002,0.0011925,0.32682,0.027223,0.02915,-0.01353,0.0038175,0.0033499,0.28421,0.035218,0.040477,-0.016225,0.0067925,0.0060935,0.25004,0.041079,0.050362,-0.017344,0.42006,91,109,91,600,2,2,2,1
60,-0.0057763,0.15705,0.16161,-0.91549,0.13943,-1.2546,0.37046,-0.1791,2.7364,-0.085533,3.052,0.00012769,1.3205,3.2243,0.16716,4.1337,0.006959,0.91621,0.48917,0.32436,0.23957,0.17852,0.16287,0.17337,0.29501,0.093812,0.057978,0.046912,0.17004,0.09981,0.011311,0.011341,2.5004,3.6225,1.8585,5.2221e-06,8.1039,0.28513,0.15578,0.28513,0.34587,0.49124,0.21109,0.41881,0.084636,85,170.69,6835,5.7991e+05,7.9556,69.232,54680,10240,9544,0.91734,0.9364,0.24201,0.19408,0.094712,0.72532,26469,10705,1260.4,3.2207,0,0.035425,0,0.030258,0.00060088,0.0062974,0.00040724,0.0073682,5.7689,6.4034,0.2372,0.10825,0.46771,0.39811,0.11367,0.49031,0.35647,0.1142,0.49757,0.34593,163.29,3.1849,86038,2.5276e+05,2.5193e+05,0.13836,0.1527,0.099719,0.26246,0.31597,0.09945,0.35628,0.43979,0.094644,0.41431,0.50904,0.086834,0.44676,0.54257,0.078865,0.026844,0.037335,0.16634,0.071221,0.078716,0.11696,0.049234,0.068544,0.14462,0.083153,0.094792,0.15148,0.073454,0.10148,0.12791,0.091183,0.10614,0.17775,0.017968,0.02209,0.27895,0.08055,0.074805,0.055662,0.031929,0.039018,0.22635,0.089021,0.082458,0.067755,0.045616,0.055536,0.18796,0.092302,0.085205,0.077835,0.0087512,0.01517,0.097574,0.027825,0.03935,0.12825,0.018757,0.031547,0.10305,0.040187,0.055867,0.16366,0.031219,0.050562,0.104,0.050928,0.069949,0.1872,0.00012417,7.4937e-05,0.017071,-0.00029751,0.012638,-0.009907,0.00054927,0.00034173,0.024087,0.00082319,0.019012,-0.017278,0.0014205,0.00095104,0.0308,0.0027569,0.024802,-0.022917,0.36281,91,109,91,600,2,2,2,1
60,-0.0025716,0.10967,0.11192,-0.94228,0.10016,-1.2478,0.32423,-0.13196,2.3212,-0.066282,3.0807,0.00054351,1.1157,3.4452,0.10455,4.5081,0.0075894,0.94738,0.44996,0.30982,0.23763,0.17113,0.15781,0.20922,0.2716,0.08593,0.051856,0.053425,0.17017,0.043893,0.00019649,0.10092,4.4812,6.5397,1.6953,0.010956,12.872,0.12038,0.10962,0.12038,0.26677,0.27729,0.13544,0.32667,0.037553,87,311.56,11405,1.8255e+06,6.8117,53.75,91240,35488,23088,0.9076,0.92299,0.37143,0.2967,0.20389,0.79012,43316,15945,1307.3,3.1097,0,0.043464,0,0.037834,7.0683e-05,0.0019956,0.00032641,0.0029349,0.14563,3.4027,3.1028,0.10457,0.47788,0.40013,0.10285,0.48412,0.39285,0.098196,0.50633,0.37821,256.72,3.201,55905,2.2268e+05,2.2162e+05,0.14087,0.15459,0.17882,0.27202,0.29642,0.18153,0.37888,0.41113,0.17727,0.4632,0.49927,0.17099,0.52325,0.56003,0.16268,0.0072386,0.0064105,0.079003,0.016418,0.018967,-0.022692,0.017269,0.016063,0.08934,0.027718,0.031493,-0.019741,0.031372,0.030553,0.096221,0.039476,0.044862,-0.0097042,0.0023203,0.0017531,0.063442,0.0068391,0.012128,-0.026828,0.0051126,0.003865,0.063836,0.0096096,0.013595,-0.036935,0.0087542,0.0067834,0.063532,0.012108,0.014493,-0.043179,0.004583,0.0044372,0.090001,0.015046,0.01193,-0.0050306,0.011093,0.011471,0.10734,0.026641,0.024898,0.0076811,0.020389,0.022192,0.11963,0.039012,0.040015,0.026349,0.00033532,0.00022018,0.081197,0.0042589,0.013062,-0.016008,0.0010894,0.00074386,0.084144,0.0068521,0.019379,-0.023557,0.0024396,0.0017096,0.093165,0.010929,0.026606,-0.031802,0.41293,91,109,91,600,2,2,2,1
60,-0.0079801,0.18832,0.19601,-0.89647,0.16087,-0.51687,-0.42343,-0.31695,1.9857,-0.17912,2.9662,0.0020071,3.6522,8.0513,0.20508,12.049,0.020284,0.8972,1.0942,0.81355,0.62126,0.46803,0.10572,0.091043,0.14165,0.093569,0.082809,0.081522,0.40369,0.23472,3.5431,4.5371,6.239,2.9932,0.71574,0.18318,18.446,0.24538,0.3613,0.3613,0.26377,0.31162,0.1449,0.46294,0.089708,155,109.51,6214,3.2024e+05,8.8957,90.526,49712,21976,13448,0.91982,0.93917,0.15877,0.11143,0.10764,0.48509,15721,9252.2,1060.6,2.8131,0,0.032036,0,0.035142,0.00423,0.014685,0.0084281,0.020755,3.4631,5.8147,2.2535,0.11271,0.47264,0.38534,0.11901,0.50538,0.3254,0.1197,0.50829,0.31486,77.661,3.0827,17043,37652,35117,0.12447,0.12389,0.10588,0.22747,0.22427,0.10173,0.30091,0.2949,0.094349,0.35433,0.3455,0.087653,0.39615,0.38593,0.082538,0.0061554,0.0054757,0.045021,0.0098183,0.019773,-0.029829,0.014019,0.012982,0.048603,0.015651,0.028214,-0.028818,0.026405,0.025314,0.054272,0.024207,0.038665,-0.021509,0.0051131,0.0045427,0.09369,0.02022,0.027358,-0.02662,0.0098803,0.0089218,0.082672,0.023658,0.029994,-0.030532,0.015799,0.014487,0.076834,0.02717,0.031519,-0.032212,0.00094712,0.00086415,0.012464,-0.0034898,0.00090319,-0.010916,0.0035947,0.0036448,0.02331,0.0001032,0.0077205,0.0029798,0.0091858,0.0096995,0.036118,0.0072524,0.017758,0.017884,9.5156e-05,6.8814e-05,0.015441,-0.00084457,0.011116,-0.013717,0.00054958,0.00041956,0.028446,0.0008988,0.019166,-0.02149,0.0015515,0.0012263,0.039705,0.003758,0.029115,-0.027617,0.46164,91,109,91,600,2,2,2,1
60,-0.0076149,0.13075,0.14214,-0.92608,0.099372,-1.4341,0.54852,0.3228,3.0658,0.092512,3.0238,2.1979e-05,1.1762,3.0827,0.1451,3.9044,0.0065731,0.92724,0.40673,0.26087,0.19086,0.14383,0.16191,0.19575,0.32014,0.091642,0.051958,0.038477,0.14012,0.091027,0.00065952,0.0012608,2.8025,4.9968,3.6115,0.049635,11.553,0.45546,0.10436,0.45546,0.45335,0.49832,0.25286,0.38864,0.070431,85,168.49,9474,1.0512e+06,8.8612,80.654,75792,4544,3992,0.91604,0.93502,0.26536,0.22758,0.065205,0.73404,31380,10983,1319.5,3.2058,0,0.11923,0,0.049726,0.00159,0.00038177,0.002793,0.00055714,0.28534,3.3543,3.4924,0.12785,0.4648,0.3921,0.16054,0.47267,0.35197,0.18112,0.48436,0.32263,128.19,3.1368,1.185e+05,4.9172e+05,4.9114e+05,0.12323,0.088283,0.085515,0.20643,0.14319,0.075314,0.24813,0.1695,0.063466,0.27081,0.18335,0.054652,0.28853,0.19442,0.049043,0.010874,0.0090256,0.064881,0.022764,0.021327,-0.026015,0.023518,0.022157,0.066517,0.032303,0.032628,-0.012299,0.039778,0.041193,0.066698,0.041039,0.04456,0.0096407,0.0068257,0.0063163,0.10203,0.026321,0.024798,-0.0090184,0.01513,0.016375,0.10328,0.037035,0.036357,0.014029,0.026384,0.031904,0.10468,0.047937,0.049086,0.046131,0.0032322,0.0022905,0.034701,0.0057673,0.0053441,-0.024939,0.0075718,0.005354,0.040055,0.010408,0.010619,-0.035302,0.013023,0.0091018,0.041772,0.014097,0.015792,-0.045936,0.00081605,0.00041882,0.10803,0.0109,0.009979,-0.020771,0.0016416,0.00084716,0.069316,0.0093374,0.012486,-0.026248,0.0023725,0.0012206,0.049532,0.0076666,0.01546,-0.030583,0.33444,91,109,91,600,2,2,2,1
60,-0.033188,0.34009,0.31944,-0.82464,0.27786,-0.52712,-0.36079,-0.28089,2.1061,-0.16844,3.0389,0.0012895,1.895,3.219,0.34541,3.9875,0.006713,0.8266,1.4374,1.1646,0.9127,0.66597,0.082384,0.083211,0.11588,0.062998,0.074138,0.094338,0.48705,0.52434,3.5981,6.2778,14.235,3.2745,0.2037,0.31439,28.428,0.18485,0.083881,0.18485,0.1446,0.17549,0.089624,0.53272,0.38329,96,134.38,10122,1.0661e+06,9.5053,92.193,80976,5568,4240,0.92037,0.94309,0.21604,0.1512,0.13917,0.76421,19383,10504,698.7,1.8979,0,0.046932,0,0.054765,9.6768e-05,0.0063982,4.2371e-08,0.012045,1.1678,3.7473,2.7956,0.10618,0.45761,0.41896,0.10921,0.46378,0.41285,0.11145,0.47612,0.40102,207.79,3.3517,31331,58380,56129,0.042828,0.033816,0.026922,0.081666,0.064573,0.02699,0.11862,0.093261,0.027484,0.15885,0.1254,0.02904,0.21875,0.17967,0.033681,0.0029576,0.0024012,0.015985,-0.00055428,0.0117,-0.036037,0.0077284,0.0064299,0.0198,0.0019531,0.018012,-0.048638,0.015516,0.013126,0.023567,0.0058621,0.02456,-0.061168,0.0013368,0.001039,0.018101,0.00034769,0.012513,-0.029107,0.0035278,0.0028088,0.021813,0.0021913,0.01342,-0.039464,0.006612,0.0053965,0.023763,0.0039329,0.013386,-0.046969,0.00055431,0.00043319,0.0053907,-0.0044482,-0.0015298,-0.020958,0.0021265,0.0017533,0.01019,-0.0035324,0.0032211,-0.028259,0.0046463,0.0039218,0.0135,-0.0022914,0.008498,-0.033959,0.0010665,0.00092898,0.12789,0.014217,0.027715,-0.015647,0.0035043,0.0031478,0.13404,0.022712,0.040709,-0.020643,0.0082161,0.0074532,0.15538,0.036256,0.05662,-0.027608,0.3812,91,109,91,600,2,2,2,1
60,-0.06068,0.52557,0.47819,-0.72181,0.47646,-0.6784,-0.060151,0.39945,2.6304,0.096356,3.0418,0.0002048,2.2737,3.0745,0.54512,3.6027,0.0060652,0.72558,1.3929,1.138,0.93597,0.66271,0.087404,0.073097,0.14773,0.059203,0.058017,0.10088,0.47367,0.13164,3.0104,1.7245,10.666,4.1223,0.021848,0.38642,20.064,0.1693,0.15356,0.1693,0.14637,0.21114,0.08643,0.71385,0.12179,102,201.18,16461,2.6553e+06,9.8467,98.603,1.3169e+05,9624,3576,0.91495,0.932,0.27645,0.19952,0.15842,0.77828,30948,12212,874.22,2.3406,0,0.033471,0,0.038895,0.00069115,0.0069598,0.0022818,0.010894,1.3872,3.89,2.4028,0.10207,0.45485,0.4265,0.094649,0.47447,0.4156,0.086181,0.46821,0.432,200.44,3.412,28488,65804,63645,0.14623,0.15223,0.13603,0.26235,0.26937,0.12831,0.34393,0.34538,0.11793,0.3982,0.39079,0.10772,0.42767,0.41369,0.097443,0.0039389,0.0034778,0.031505,0.0026849,0.013551,-0.028412,0.007883,0.0069688,0.029887,0.0027296,0.018125,-0.037218,0.012938,0.011397,0.029081,0.0028562,0.021986,-0.047729,0.0035215,0.0031739,0.070564,0.012425,0.019363,-0.022212,0.0062967,0.005766,0.057616,0.012305,0.019832,-0.023707,0.0093719,0.0085498,0.049844,0.011906,0.018975,-0.029466,0.00015621,0.00011329,0.0022481,-0.0072373,-0.0014802,-0.018346,0.00088512,0.00067598,0.0062766,-0.0080553,0.0020175,-0.029773,0.0025199,0.0020587,0.010835,-0.0076675,0.0062082,-0.035005,0.00026118,0.00019065,0.046348,0.0022353,0.014222,-0.019405,0.00074535,0.00056087,0.042188,0.0027167,0.021621,-0.02484,0.0012899,0.0009774,0.036098,0.00235,0.028146,-0.030074,0.36113,91,109,91,600,2,2,2,1
60,-0.005477,0.17266,0.16678,-0.91265,0.15761,-1.1267,0.23452,0.10617,2.6409,0.017305,3.0693,8.0177e-05,1.3809,3.3066,0.17382,4.2246,0.0071121,0.91292,0.55647,0.4138,0.33224,0.24725,0.10081,0.13872,0.32652,0.078692,0.052563,0.062086,0.24062,0.097226,0.32817,0.018644,6.7579,6.8897,1.0292,0.030888,15.152,0.19863,0.090745,0.19863,0.43576,0.48534,0.20026,0.42243,0.042718,98,158.13,13179,1.7641e+06,9.7066,95.481,1.0543e+05,3592,2536,0.92278,0.94601,0.2939,0.19606,0.22722,0.83431,21283,12842,842.02,2.2169,0,0.039851,0,0.055085,9.5915e-05,0.0034822,0.00011942,0.012678,0.90502,1.1698,0.81837,0.10103,0.43677,0.44981,0.091957,0.39078,0.5132,0.08838,0.38312,0.52519,218.63,3.5985,21122,38696,35424,0.039417,0.034421,0.028901,0.087758,0.077801,0.033829,0.14081,0.127,0.038054,0.2002,0.18295,0.042687,0.26641,0.2466,0.047843,0.0018056,0.0014714,0.011383,-0.0040934,0.012297,-0.039405,0.0046947,0.0039146,0.014029,-0.0038648,0.017335,-0.053957,0.0090649,0.0077256,0.016059,-0.0031975,0.022016,-0.06352,0.00066583,0.00054001,0.010516,-0.0028869,0.0067721,-0.024902,0.0017315,0.0014494,0.012488,-0.0031604,0.0060065,-0.031631,0.0030363,0.0025973,0.012728,-0.0038932,0.0044675,-0.035464,0.0010796,0.0008785,0.012246,-0.0027036,0.0074347,-0.029743,0.0025593,0.0021075,0.014305,-0.0026659,0.012117,-0.041695,0.0049048,0.0041024,0.016622,-0.0019545,0.016709,-0.051156,6.0137e-05,5.2911e-05,0.0084112,-0.0013654,0.013445,-0.0082517,0.00040387,0.00035775,0.018018,-0.00033709,0.022527,-0.01289,0.0011238,0.0010259,0.024789,0.0011904,0.031969,-0.014093,0.3675,91,109,91,600,2,2,2,1
60,-0.0025174,0.078833,0.078437,-0.95991,0.073681,-1.1963,0.24625,0.21257,2.7909,0.065807,3.052,3.9578e-05,0.92752,3.2883,0.0793,4.2065,0.0070816,0.96027,0.40395,0.27417,0.21152,0.16806,0.12101,0.24217,0.27638,0.090886,0.050842,0.038467,0.18024,0.10814,0.0080849,0.38048,7.4585,13.302,8.6937,0.099783,30.051,0.068596,0.092438,0.092438,0.1575,0.19638,0.10135,0.28249,0.0077794,80,293.06,13508,2.4139e+06,7.8194,66.066,1.0806e+05,22408,20608,0.90822,0.9229,0.35746,0.29382,0.15497,0.76957,45940,14917,1097.4,2.9331,0,0.046124,0,0.032381,0.00056523,0.0014055,0.00032188,0.00056013,2.0801,3.3634,1.626,0.10789,0.47112,0.40071,0.10782,0.47621,0.38868,0.10609,0.48778,0.38107,252.75,3.2057,47083,2.0039e+05,1.9957e+05,0.13355,0.15355,0.15327,0.25534,0.29405,0.15407,0.35373,0.40588,0.14963,0.42668,0.48269,0.1424,0.47713,0.52783,0.13412,0.013707,0.013682,0.13526,0.040273,0.037304,-0.00042602,0.02891,0.029113,0.13523,0.055176,0.051668,0.0022672,0.048014,0.049243,0.13314,0.068434,0.065839,0.010417,0.0066903,0.0072081,0.16539,0.033235,0.033507,0.012448,0.013148,0.014303,0.14842,0.04025,0.039074,0.018721,0.020517,0.022266,0.13462,0.045217,0.042725,0.022107,0.0063359,0.0060644,0.11249,0.02313,0.0184,-0.0071731,0.015806,0.015836,0.13828,0.041107,0.03584,0.00046427,0.028982,0.030083,0.15374,0.058947,0.0541,0.012085,0.00068065,0.00040952,0.14902,0.011272,0.013673,-0.022611,0.0019648,0.0012593,0.1372,0.015351,0.020089,-0.031356,0.0038288,0.002742,0.1322,0.019748,0.027768,-0.03287,0.37877,91,109,91,600,2,2,2,1
60,-0.0065479,0.10582,0.11589,-0.94017,0.081048,-1.4557,0.54834,-0.28386,2.8228,-0.08749,3.0544,5.5436e-05,1.2333,3.5879,0.11777,4.6256,0.0077872,0.94097,0.34899,0.21912,0.1701,0.1258,0.18006,0.22864,0.30384,0.087742,0.038184,0.037369,0.12416,0.11273,0.014126,0.0091443,3.4436,12.825,4.2033,0.16229,20.77,0.2876,0.16235,0.2876,0.35301,0.37922,0.19329,0.34947,0.062071,83,324.8,8700,1.5992e+06,5.5832,34.537,69600,58264,19128,0.90881,0.92107,0.33316,0.26638,0.17173,0.71723,38010,15035,1216.3,2.9496,0,0.048607,0,0.03459,2.4345e-05,0.0023471,0.00024147,0.0019905,2.4733,4.6882,1.8225,0.11191,0.45608,0.41422,0.1162,0.46695,0.3986,0.12189,0.45935,0.4038,187.17,3.3138,58214,2.3175e+05,2.3018e+05,0.13611,0.14341,0.16631,0.25299,0.25741,0.16253,0.34237,0.33807,0.1542,0.41043,0.39723,0.14585,0.46154,0.44078,0.13814,0.011265,0.009568,0.11835,0.031972,0.028387,-0.035461,0.023793,0.020579,0.11849,0.043885,0.038764,-0.04346,0.039504,0.034575,0.11663,0.054333,0.048117,-0.050531,0.0036555,0.0027916,0.096217,0.015146,0.015986,-0.030692,0.0069678,0.0054384,0.08375,0.016846,0.016693,-0.037501,0.011036,0.008758,0.077099,0.018629,0.017007,-0.043476,0.0065574,0.005877,0.12396,0.025045,0.019558,-0.019201,0.015313,0.013673,0.14264,0.040753,0.032592,-0.027815,0.026516,0.023772,0.14977,0.054391,0.044558,-0.034247,0.0010521,0.00089938,0.24526,0.019678,0.019896,-0.011528,0.0030769,0.0026733,0.22877,0.027464,0.028718,-0.015748,0.0060753,0.0053186,0.22334,0.03605,0.038575,-0.020071,0.40212,91,109,91,600,2,2,2,1
60,-0.02941,0.85697,0.83111,-0.40927,0.79705,-0.32642,-0.20243,1.5925,6.286,0.26176,2.8083,0.0023704,4.881,4.4918,1.1769,6.4937,0.010932,0.40981,1.8575,1.2775,0.9409,0.68313,0.040242,0.055939,0.22541,0.093013,0.079467,0.082352,0.42358,0.57083,1.2608,0.0098749,0.40574,0.094015,0.029093,0.55954,2.9299,0.32096,0.1262,0.32096,0.48088,0.49489,0.19179,1.3324,0.88355,162,74.346,2057,78311,5.8727,39.419,16456,16160,15192,0.91905,0.94047,0.1642,0.13243,0.08726,0.50414,14603,8312.2,859.59,2.2014,0,0.10005,0,0.029675,0.024393,0.047866,0.036147,0.072047,2.5087,0.23916,2.3242,0.11691,0.48153,0.38196,0.14951,0.51925,0.3061,0.14437,0.55209,0.27942,73.036,3.0557,1.288e+05,3.892e+05,3.8863e+05,0.11183,0.11313,0.07664,0.21775,0.21035,0.07846,0.30416,0.28426,0.076833,0.37472,0.34252,0.074683,0.42854,0.38917,0.071936,0.011807,0.010257,0.069573,0.025353,0.023163,-0.019692,0.023847,0.020426,0.066609,0.032725,0.030502,-0.02888,0.038507,0.032721,0.063765,0.038962,0.037279,-0.037736,0.009387,0.0083388,0.13858,0.03819,0.026145,-0.014627,0.017448,0.015257,0.11762,0.043694,0.028345,-0.021135,0.025964,0.022506,0.10173,0.046707,0.029883,-0.026815,0.0021749,0.0017392,0.02306,0.0016331,0.0060433,-0.013627,0.0051829,0.0042451,0.027077,0.0041858,0.010772,-0.017228,0.0092898,0.0076953,0.029428,0.0066979,0.014978,-0.021171,0.00024489,0.0001792,0.032017,0.0016506,0.012547,-0.0078749,0.001216,0.00092342,0.050707,0.0059757,0.020684,-0.01305,0.0032537,0.0025195,0.067086,0.012183,0.029574,-0.017571,0.45331,91,109,91,600,2,2,2,1
60,-0.0080152,0.12751,0.12681,-0.93433,0.10738,-0.56859,-0.39145,0.28346,2.6917,-0.034544,2.9977,0.00010761,0.93786,2.6414,0.12566,3.2422,0.0054582,0.9369,0.81362,0.64845,0.54249,0.41399,0.10956,0.14232,0.13311,0.075738,0.057127,0.080763,0.40137,0.55335,1.5953,10.453,20.766,16.248,1.8477,0.076213,51.54,0.1111,0.10139,0.1111,0.20643,0.20686,0.099491,0.35093,0.039538,159,46.258,872,16141,3.3941,16.619,6976,5208,5120,0.92259,0.94805,0.066458,0.042392,0.055165,0.33467,14726,9101.6,1027,2.7672,0,0.022349,0,0.022355,0.0017224,0.002244,0.0044732,0.0062606,4.1305,6.8209,2.8134,0.10904,0.45947,0.41129,0.11789,0.48297,0.37799,0.11707,0.49036,0.37213,101.68,3.2903,12266,19706,16339,0.12027,0.12301,0.065031,0.2172,0.22546,0.061749,0.29813,0.31204,0.05942,0.35892,0.37585,0.05644,0.39679,0.41473,0.052553,0.017674,0.019216,0.08217,0.037717,0.039525,0.061332,0.03121,0.033499,0.068782,0.041435,0.047821,0.064906,0.045452,0.048257,0.059385,0.043334,0.053786,0.065056,0.0089667,0.010746,0.10444,0.032104,0.035424,0.10149,0.016648,0.01978,0.08855,0.036627,0.038257,0.12148,0.024106,0.028311,0.074525,0.037782,0.037519,0.13225,0.0081084,0.0078801,0.06783,0.021833,0.019216,-0.013373,0.015275,0.014748,0.062963,0.026768,0.027981,-0.021276,0.023009,0.022142,0.057509,0.029753,0.035378,-0.027958,0.00059871,0.00059003,0.061758,0.0065049,0.015929,-0.0023315,0.001906,0.001843,0.062711,0.010043,0.026329,-0.0075418,0.003613,0.0033909,0.058775,0.01245,0.036071,-0.018779,0.40537,91,109,91,600,2,2,2,1
60,-0.014597,0.23585,0.21661,-0.88489,0.21603,-0.93058,0.051638,-0.097944,2.4227,-0.039277,3.076,0.00041016,1.1397,2.4336,0.21862,2.9221,0.0049193,0.88991,0.72296,0.55885,0.47317,0.36084,0.09836,0.15668,0.25151,0.071852,0.043875,0.065895,0.31182,0.09372,0.1283,0.23813,8.2525,11.198,0.80868,0.14271,20.862,0.16247,0.0968,0.16247,0.14627,0.19776,0.078666,0.46424,0.031523,100,163.52,10702,1.1463e+06,9.5993,94.706,85616,5144,4464,0.91807,0.93741,0.26074,0.19226,0.15877,0.74301,28806,12079,962.65,2.4491,0,0.036803,0,0.037586,0.00049152,0.0014175,5.3379e-05,0.0045405,2.6983,5.8365,2.9457,0.10473,0.48268,0.39285,0.095513,0.53591,0.34741,0.09853,0.55793,0.32329,232.97,3.1428,42043,96047,94620,0.08988,0.077,0.071093,0.19055,0.17486,0.079244,0.29164,0.28463,0.085028,0.38163,0.38757,0.087786,0.45348,0.46766,0.087857,0.010569,0.012821,0.071879,0.023375,0.033472,0.068727,0.028136,0.036055,0.090706,0.043995,0.058228,0.13408,0.052748,0.067903,0.10081,0.063805,0.081397,0.18197,0.0011302,0.00079001,0.019256,-0.00065344,0.0088799,-0.032113,0.0032137,0.0022971,0.025004,0.0014584,0.010096,-0.046013,0.0060963,0.0044685,0.027569,0.0032001,0.010413,-0.055352,0.006079,0.0062904,0.07439,0.018037,0.018046,0.0080205,0.013789,0.015048,0.083144,0.028367,0.031534,0.029476,0.024674,0.027685,0.090212,0.039617,0.046796,0.051581,0.0033596,0.0057405,0.50694,0.055645,0.078379,0.14441,0.011392,0.018891,0.54827,0.091375,0.12319,0.20284,0.022829,0.036394,0.54327,0.1222,0.15969,0.24617,0.36108,91,109,91,600,2,2,2,1
60,-0.013741,0.34931,0.3528,-0.80412,0.31632,-0.54555,-0.32156,-0.086497,2.6358,-0.074684,3.0629,0.00020821,2.502,4.0205,0.38599,5.2153,0.00878,0.8062,1.2489,0.93484,0.72928,0.51087,0.095374,0.10851,0.13416,0.086038,0.073234,0.099645,0.40304,0.02575,0.56363,1.942,3.1483,1.5978,0.012557,0.33452,7.6245,0.28204,0.097627,0.28204,0.2642,0.28279,0.12274,0.62195,0.013718,139,183.96,14856,1.614e+06,11.15,128.87,1.1885e+05,10968,9264,0.91706,0.93706,0.24003,0.17028,0.17952,0.61737,26628,13325,1398.5,3.6436,0,0.052074,0,0.039129,0.0018022,0.0035069,0.0025821,0.0070274,2.0991,4.9186,2.9294,0.1102,0.4558,0.40823,0.11292,0.46092,0.38693,0.11386,0.46005,0.38635,148.2,3.2658,39152,1.1105e+05,1.0949e+05,0.11134,0.12017,0.13444,0.20756,0.22147,0.13177,0.28544,0.30147,0.12704,0.35028,0.36541,0.12301,0.39941,0.41182,0.11813,0.0079057,0.0074927,0.082081,0.018615,0.02418,-0.015089,0.017395,0.01627,0.085611,0.027335,0.034684,-0.025883,0.029655,0.027494,0.086522,0.035191,0.043437,-0.036869,0.0013132,0.001075,0.034159,0.00033807,0.0096254,-0.021266,0.0031751,0.0026765,0.037713,0.0016588,0.011492,-0.02745,0.0062851,0.0054087,0.043391,0.0045327,0.013217,-0.033155,0.0054199,0.0053563,0.10125,0.019,0.01722,-0.0027632,0.011118,0.010722,0.10234,0.026048,0.026604,-0.01121,0.018248,0.017223,0.10185,0.032412,0.035075,-0.022062,0.0011725,0.0010614,0.2701,0.022144,0.02828,-0.011259,0.0031686,0.0029201,0.23281,0.02825,0.038378,-0.013474,0.0057839,0.0053704,0.21012,0.033814,0.047684,-0.015881,0.44963,91,109,91,600,2,2,2,1
60,-0.0048997,0.13916,0.13961,-0.92745,0.13021,-1.1681,0.25943,0.19774,3.0617,-0.018474,3.0566,2.3086e-06,1.3754,3.6696,0.14002,4.7418,0.0079829,0.9297,0.45472,0.31046,0.23316,0.17775,0.16197,0.22286,0.2644,0.084917,0.053681,0.042808,0.16936,0.099478,0.020582,0.051413,3.5081,4.3938,2.5629,1.3389e-05,10.636,0.25838,0.14182,0.25838,0.18656,0.28602,0.14616,0.38119,0.067327,103,177.55,6422,4.9919e+05,7.066,59.971,51376,17576,12104,0.91698,0.93304,0.22684,0.17355,0.11022,0.62036,32522,12047,913.29,2.4267,0,0.041957,0,0.036462,0.00065146,0.0011751,0.00030861,0.0040714,1.4724,2.1873,0.62315,0.10926,0.48566,0.38097,0.10438,0.51812,0.34236,0.11454,0.53866,0.31351,219.27,3.0478,44381,1.2736e+05,1.2621e+05,0.14258,0.14091,0.12791,0.2935,0.29649,0.13843,0.41919,0.43063,0.13861,0.51012,0.52959,0.13309,0.5731,0.60038,0.12593,0.016526,0.018972,0.12747,0.044961,0.052506,0.045558,0.032214,0.037802,0.11779,0.05583,0.068317,0.070355,0.050351,0.059287,0.10914,0.064125,0.080119,0.088552,0.0073884,0.0069185,0.14278,0.033047,0.036015,-0.012709,0.012904,0.012887,0.11387,0.034633,0.04078,-0.00034218,0.018615,0.019634,0.095478,0.035035,0.043511,0.016172,0.0070475,0.0077853,0.097812,0.023544,0.023933,0.022233,0.017176,0.02066,0.11747,0.040273,0.044997,0.061529,0.030305,0.037503,0.12566,0.054906,0.063844,0.092727,0.0020898,0.0042686,0.35765,0.035923,0.065538,0.12418,0.0055148,0.010535,0.30103,0.045132,0.079697,0.15795,0.010185,0.018393,0.27488,0.055174,0.093643,0.18256,0.37797,91,109,91,600,2,2,2,1
60,-0.0070026,0.21905,0.20957,-0.88886,0.20832,-0.82014,-0.077319,0.25039,2.8267,0.041571,3.0562,5.6589e-06,1.3541,2.8702,0.22184,3.6362,0.0061215,0.88889,0.56671,0.43549,0.37636,0.31291,0.13622,0.15339,0.28341,0.068872,0.035332,0.041447,0.28133,0.023517,0.077065,0.026782,6.9821,15.477,3.1367,0.13682,25.86,0.30319,0.11036,0.30319,0.58551,0.75612,0.268,0.48785,0.11222,116,69.19,1395,39759,4.145,23.636,11160,9400,5344,0.92025,0.94221,0.11962,0.090887,0.036868,0.53761,16577,8823.7,885.92,2.3346,0,0.065033,0,0.03223,0.00078296,0.0066585,0.0016776,0.012027,1.8326,1.567,0.93841,0.1104,0.45681,0.40638,0.11662,0.45499,0.37727,0.10878,0.44211,0.40025,114.82,3.2511,1.0493e+05,2.1646e+05,2.1559e+05,0.13286,0.16318,0.067508,0.24129,0.29624,0.064456,0.31749,0.37769,0.059459,0.35898,0.41519,0.053043,0.38606,0.4363,0.048046,0.014067,0.019739,0.061453,0.027465,0.03742,0.082497,0.027986,0.039025,0.057954,0.034876,0.050021,0.10798,0.044422,0.061993,0.054536,0.040725,0.061272,0.13382,0.012381,0.018511,0.13551,0.044886,0.05338,0.094718,0.023958,0.036059,0.11974,0.054164,0.063115,0.12684,0.036223,0.05603,0.10523,0.059519,0.070757,0.16462,0.0016637,0.001215,0.013078,-0.00029926,0.0024589,-0.018973,0.0038569,0.0028565,0.014939,0.0006599,0.006685,-0.02677,0.0076321,0.0055915,0.017925,0.0029653,0.011593,-0.0381,2.1458e-05,1.3512e-05,0.0020798,-0.0016673,0.012453,-0.006901,0.00017121,0.00010912,0.0052932,-0.0018304,0.02061,-0.0091717,0.00056931,0.00037319,0.0087026,-0.001479,0.029103,-0.014515,0.36685,91,109,91,600,2,2,2,1
60,-0.011334,0.14064,0.15958,-0.9166,0.093894,-1.5047,0.64158,0.72943,3.836,0.11084,2.9971,2.8816e-05,1.4041,3.5751,0.15374,4.6384,0.0078088,0.92252,0.40748,0.23806,0.1656,0.125,0.14801,0.17564,0.35311,0.10855,0.056061,0.034573,0.12405,0.054834,0.0094728,0.0070119,1.5282,3.7902,4.5688,0.13549,10.094,0.40963,0.20881,0.40963,0.34485,0.36375,0.17164,0.40012,0.073677,105,226.54,10689,1.5905e+06,7.2376,55.549,85512,59504,5976,0.90898,0.92457,0.39758,0.31453,0.21827,0.87681,44279,14817,1050.6,2.7506,0,0.03481,0,0.036184,8.2014e-05,0.0012237,0.0003306,0.0042413,0.13839,0.94927,0.092659,0.10537,0.45595,0.42636,0.10699,0.45633,0.43094,0.10725,0.45613,0.43289,178.27,3.4109,33712,1.1623e+05,1.1377e+05,0.11223,0.10823,0.12616,0.20592,0.19339,0.1217,0.28041,0.25792,0.11618,0.33608,0.30484,0.10986,0.37054,0.33432,0.10202,0.0015142,0.001087,0.014635,-0.0061967,0.0037399,-0.02998,0.0037628,0.0027924,0.017239,-0.0070979,0.0051661,-0.040357,0.0074564,0.0055945,0.020252,-0.0069412,0.006826,-0.05345,0.00043516,0.0003007,0.010537,-0.0049907,0.004053,-0.017607,0.0009608,0.00069337,0.010624,-0.0068885,0.001582,-0.021432,0.0016194,0.0011969,0.010407,-0.0088655,-0.0010714,-0.025254,0.001079,0.00078628,0.018765,-0.0033687,-0.00061365,-0.024317,0.0027988,0.0020972,0.023983,-0.002524,0.0024888,-0.034093,0.0058117,0.004383,0.030197,-0.00014509,0.006407,-0.046746,0,0,0,-0.0029456,0.0091943,0,3.168e-06,1.8373e-06,0.00021669,-0.0044264,0.01287,-0.0055669,2.7495e-05,1.5924e-05,0.00092982,-0.0058351,0.016344,-0.0061847,0.39143,91,109,91,600,2,2,2,1
60,-0.0079347,0.28209,0.27776,-0.84957,0.26013,-1.0636,0.25195,-0.39698,2.7085,-0.086526,3.0439,6.767e-05,2.0192,3.6795,0.30013,4.7816,0.0080498,0.84967,0.74956,0.4872,0.37295,0.29058,0.081262,0.10808,0.32315,0.11474,0.063671,0.052896,0.2562,0.079762,0.36674,0.0051805,0.90074,2.0096,0.90304,0.15602,4.4211,0.23025,0.13703,0.23025,0.38231,0.50415,0.17496,0.57143,0.16113,121,126.69,4747,3.6297e+05,7.0414,52.887,37976,36704,6960,0.91766,0.93801,0.27643,0.20533,0.15948,0.79038,29473,11491,769.28,2.0949,0,0.049801,0,0.041455,0.00064655,0.0026212,0.00064121,0.0024117,3.9979,2.6037,1.0456,0.1083,0.45706,0.41803,0.11349,0.4582,0.41084,0.11138,0.43978,0.43418,184.54,3.3442,37888,87568,86388,0.12684,0.13069,0.099083,0.24444,0.25309,0.10039,0.33998,0.35431,0.097891,0.41094,0.42922,0.093356,0.46636,0.48518,0.089232,0.0074919,0.005801,0.050321,0.013587,0.019891,-0.05248,0.015189,0.011951,0.048359,0.017365,0.026975,-0.066789,0.024734,0.019717,0.046686,0.020624,0.03391,-0.079267,0.0048582,0.0037415,0.081749,0.018078,0.023005,-0.041681,0.0089031,0.0069484,0.068412,0.019541,0.024064,-0.051691,0.013688,0.01087,0.061135,0.021045,0.02429,-0.058922,0.0026337,0.0020594,0.03183,0.003647,0.0056306,-0.031835,0.0063189,0.005025,0.037629,0.0076046,0.013148,-0.042148,0.011262,0.0089946,0.040666,0.01129,0.020952,-0.053508,0,0,0,-0.0024438,0.007051,0,0,0,0,-0.0036986,0.013602,0,0,0,0,-0.0049931,0.021083,0,0.37067,91,109,91,600,2,2,2,1
60,-0.003789,0.12974,0.128,-0.93369,0.1194,-1.1757,0.25919,-0.19162,3.4134,-0.049088,3.0003,0.00026175,1.2251,3.4273,0.12735,4.3586,0.0073378,0.93606,0.4556,0.32668,0.26444,0.20049,0.16812,0.21293,0.25738,0.077116,0.042862,0.048669,0.19292,0.067082,0.0017222,0.1233,5.8034,9.9021,2.1413,0.0016147,18.04,0.23918,0.11238,0.23918,0.50284,0.56213,0.2324,0.3631,0.065191,100,181.16,6886,5.7376e+05,7.4104,62.7,55088,24320,7616,0.91391,0.92967,0.23209,0.18407,0.069091,0.61279,30601,12059,1450.5,3.4839,0,0.046893,0,0.032204,7.5334e-05,0.0046298,0.00041908,0.0080001,2.0605,3.0064,0.36178,0.094407,0.47406,0.41481,0.086078,0.50533,0.39101,0.068744,0.51088,0.40705,200.09,3.3184,55849,1.8043e+05,1.7898e+05,0.13391,0.15782,0.12719,0.24291,0.28077,0.1213,0.32402,0.36182,0.11344,0.38215,0.41331,0.10555,0.42405,0.44851,0.098652,0.010096,0.0078505,0.082448,0.024033,0.022147,-0.0449,0.020897,0.016706,0.080893,0.032031,0.03076,-0.055068,0.034955,0.028521,0.08022,0.040043,0.038951,-0.064227,0.0050321,0.0037168,0.10295,0.020946,0.020146,-0.035743,0.0088433,0.006579,0.08262,0.021387,0.020664,-0.043899,0.012609,0.0093142,0.06847,0.020453,0.019253,-0.052381,0.0047985,0.0039413,0.07051,0.013944,0.010293,-0.02614,0.01183,0.0099969,0.085654,0.025188,0.021523,-0.032813,0.022048,0.018933,0.096797,0.037432,0.033584,-0.03963,0.0002653,0.00019244,0.048069,0.0023378,0.0098709,-0.011426,0.0010501,0.00083041,0.060689,0.0055401,0.014279,-0.0138,0.0024613,0.0020938,0.070332,0.0095445,0.020512,-0.014353,0.36847,91,109,91,600,2,2,2,1
60,-0.01993,0.58482,0.57566,-0.65067,0.52952,-0.46646,-0.28311,0.26321,3.2763,0.0048655,3.0437,3.1343e-06,2.2575,2.7065,0.6934,3.3652,0.0056654,0.65201,1.193,0.92965,0.79813,0.63669,0.069457,0.10661,0.21903,0.069207,0.042145,0.060998,0.43255,0.054145,0.1211,0.0091953,2.6191,4.1003,0.13459,0.49446,7.5328,0.36079,0.14191,0.36079,0.3733,0.42308,0.22855,0.90825,0.32895,158,68.481,1718,46807,5.5116,38.64,13744,13264,5800,0.92019,0.94167,0.14511,0.10226,0.077052,0.55346,15388,8376.5,960.99,2.5613,0,0.034779,0,0.031096,0.0042868,0.0058107,0.010934,0.017047,0.31256,1.984,2.2753,0.11563,0.47463,0.39226,0.13462,0.52054,0.32832,0.13829,0.52533,0.321,73.419,3.1381,38355,72345,70411,0.098217,0.09112,0.061913,0.18672,0.1705,0.061884,0.25474,0.2323,0.059189,0.31165,0.28355,0.057131,0.35437,0.32035,0.054715,0.015256,0.016724,0.08269,0.033987,0.037837,0.03503,0.032478,0.03714,0.083442,0.047108,0.054499,0.071472,0.054149,0.062853,0.082475,0.058752,0.068632,0.10171,0.011899,0.013933,0.16157,0.047911,0.046936,0.053751,0.023232,0.029266,0.14405,0.058367,0.058284,0.10702,0.036014,0.046985,0.12979,0.065965,0.065503,0.15354,0.0033571,0.0027903,0.032739,0.0059562,0.0085084,-0.030914,0.0092026,0.0078426,0.044222,0.01394,0.018135,-0.040132,0.017717,0.015557,0.051622,0.022234,0.027728,-0.044024,4.1804e-07,2.9502e-07,5.027e-05,-0.0021844,0.011693,-0.0057397,4.317e-05,3.1814e-05,0.0016558,-0.0029945,0.018573,-0.012803,0.00041863,0.00031143,0.0079391,-0.002398,0.026971,-0.018452,0.43029,91,109,91,600,2,2,2,1
60,-0.0086989,0.37168,0.37688,-0.78898,0.34599,-0.56312,-0.28627,-0.26707,3.6458,-0.10496,2.9671,0.0002946,4.9441,7.6292,0.41858,11.509,0.019375,0.79007,1.2509,0.89268,0.63767,0.47728,0.10131,0.082137,0.15493,0.10012,0.097951,0.078925,0.38464,0.0013591,1.2419,0.85185,1.4472,0.30916,0.069782,0.36008,4.2813,0.25133,0.17135,0.25133,0.21307,0.24512,0.1308,0.67642,0.10887,137,103.43,10038,7.3441e+05,11.407,132.38,80304,3688,3576,0.92004,0.93884,0.13464,0.097346,0.075421,0.485,14919,8531.1,1092.5,3.0221,0,0.045622,0,0.042288,0.0036202,0.004538,0.0062402,0.0072197,1.9555,1.9981,0.17912,0.11835,0.4687,0.37271,0.14307,0.49209,0.276,0.14102,0.49995,0.25177,89.038,2.9817,34576,75855,74327,0.12072,0.12725,0.087901,0.21463,0.22285,0.082166,0.28402,0.29098,0.076226,0.33473,0.33568,0.070879,0.37098,0.36532,0.066162,0.0081091,0.0070034,0.050768,0.014972,0.022742,-0.035517,0.018596,0.016577,0.055186,0.023441,0.033418,-0.040419,0.033832,0.03078,0.059522,0.033298,0.043728,-0.044066,0.0024949,0.0019197,0.039131,0.0059872,0.015966,-0.033348,0.006071,0.0047545,0.043482,0.010164,0.01871,-0.046355,0.011254,0.0089909,0.04685,0.014778,0.020291,-0.055776,0.0052227,0.0048002,0.058832,0.013866,0.013041,-0.016598,0.011103,0.010781,0.061631,0.020055,0.022204,-0.0081954,0.019894,0.019816,0.066955,0.028325,0.032672,-0.0014579,0.00039148,0.0002835,0.054377,0.0041323,0.016034,-0.019933,0.001454,0.001065,0.06442,0.0080686,0.023974,-0.029479,0.0029853,0.0022044,0.065395,0.011131,0.03114,-0.038144,0.41751,91,109,91,600,2,2,2,1
60,-0.0053817,0.15572,0.16072,-0.91597,0.1384,-1.2573,0.37266,-0.042244,2.981,-0.029219,3.0459,1.0533e-06,1.5258,3.7189,0.16776,5.0179,0.0084476,0.91598,0.52522,0.32334,0.23167,0.17477,0.14271,0.19635,0.27871,0.11102,0.062429,0.04365,0.16513,0.052479,0.0071535,0.013138,1.2403,2.4973,1.9803,7.0139e-05,5.7908,0.084743,0.14194,0.14194,0.24234,0.45237,0.16794,0.4173,0.072696,93,234.39,8964,1.0105e+06,7.3489,61.999,71712,23952,16256,0.9128,0.92769,0.31538,0.24454,0.17715,0.73593,36855,14069,1023.7,2.7612,0,0.040585,0,0.033721,0.00017151,0.00057807,9.5469e-05,0.00045259,5.0624,6.0519,1.1975,0.11433,0.45371,0.41853,0.12181,0.45365,0.41765,0.12459,0.44784,0.42285,183.93,3.3482,36331,1.1525e+05,1.1339e+05,0.1064,0.11425,0.11236,0.19561,0.20963,0.1086,0.26888,0.28823,0.10466,0.32659,0.34827,0.1003,0.36817,0.38888,0.095228,0.0022911,0.0015367,0.020803,-0.0031594,0.0069928,-0.042007,0.0059553,0.0040949,0.025632,-0.0016648,0.011812,-0.059662,0.011704,0.0082228,0.029865,0.0008494,0.016554,-0.076742,0.0018215,0.0012367,0.041434,0.0032952,0.010598,-0.035489,0.0042055,0.0029365,0.043684,0.0053722,0.011289,-0.047539,0.0075434,0.005383,0.045544,0.0076855,0.011623,-0.058563,0.00046907,0.00029966,0.0076633,-0.006211,-0.0023488,-0.023633,0.0017313,0.0011474,0.013937,-0.0058764,0.0015522,-0.036127,0.0041302,0.0028216,0.02016,-0.0042489,0.006364,-0.049478,5.6224e-07,3.317e-07,0.00011326,-0.0028409,0.011842,-0.0054322,3.3221e-05,1.9855e-05,0.0021346,-0.0039946,0.017751,-0.0099793,0.00021343,0.00013302,0.0067808,-0.0044486,0.023342,-0.016729,0.40149,91,109,91,600,2,2,2,1
60,-0.011677,0.24195,0.25108,-0.86516,0.19921,-1.2584,0.45452,-0.014734,2.5656,0.0069138,3.0863,0.00023114,1.8596,3.6223,0.26267,4.5944,0.0077347,0.86802,0.6122,0.38752,0.28094,0.21132,0.088193,0.15642,0.33623,0.11087,0.066192,0.049526,0.19257,0.020344,0.0058881,0.01837,0.86212,1.4823,0.95307,0.051042,3.3931,0.11783,0.12786,0.12786,0.23075,0.38507,0.16226,0.52926,0.13081,93,148.11,10777,1.242e+06,9.4153,90.098,86216,3456,2592,0.91741,0.93832,0.26073,0.20643,0.088973,0.82033,40321,10582,734.86,1.9741,0,0.038388,0,0.045051,0.00031936,0.0010307,0.00042192,0.0010642,2.1769,0.86559,2.8291,0.097771,0.44352,0.444,0.078792,0.40676,0.50904,0.073061,0.41,0.51394,330.28,3.552,61359,1.6724e+05,1.6631e+05,0.094351,0.088866,0.062007,0.18698,0.18377,0.064605,0.26353,0.27259,0.063837,0.32991,0.35248,0.063052,0.38979,0.4233,0.062744,0.0010235,0.00060029,0.0057835,-0.0061155,0.0043829,-0.035716,0.0033509,0.0020205,0.0089754,-0.0061593,0.0077197,-0.053645,0.0067428,0.0041018,0.010707,-0.0062705,0.011339,-0.070061,0.00048288,0.00028891,0.0068358,-0.0035718,0.0025052,-0.025036,0.0018255,0.0011156,0.011801,-0.0027151,0.0017594,-0.039242,0.0036532,0.0022531,0.013726,-0.0023529,0.0010772,-0.049553,0.00054063,0.00031138,0.0054968,-0.0046019,0.00075517,-0.025548,0.0015253,0.00090491,0.0076416,-0.0051296,0.0038102,-0.036484,0.0030423,0.0018228,0.0092417,-0.0054189,0.0072902,-0.048696,0,0,0,-0.0022376,0.012339,0,4.7619e-08,2.6108e-08,1.9042e-06,-0.0033863,0.018325,-0.0069518,4.7258e-05,2.5956e-05,0.00093438,-0.0043327,0.024437,-0.018039,0.33904,91,109,91,600,2,2,2,1
60,-0.0046209,0.17124,0.16634,-0.9129,0.15984,-1.0933,0.19766,-0.12252,2.5786,-0.058479,3.0542,0.00016232,1.4933,3.6769,0.1644,4.6379,0.0078079,0.91728,0.50409,0.3582,0.28575,0.23051,0.17822,0.19731,0.24767,0.080292,0.046639,0.039255,0.21062,0.13691,0.0044015,0.082192,3.7169,6.3472,2.9779,0.041783,13.307,0.1545,0.11873,0.1545,0.32459,0.36229,0.20945,0.41527,0.081997,96,210.4,10611,1.2228e+06,8.7646,82.259,84888,13536,11720,0.91525,0.93406,0.26425,0.19837,0.16304,0.69646,30704,13072,1083,2.5917,0,0.045621,0,0.036294,0.00016611,0.00071182,0.00044642,0.00042843,2.5404,3.6335,0.78056,0.096649,0.45943,0.42689,0.077933,0.47302,0.43553,0.072721,0.47367,0.44271,202.37,3.4151,48799,1.3186e+05,1.3078e+05,0.1335,0.1444,0.12753,0.2645,0.29488,0.13284,0.37237,0.41533,0.13111,0.45571,0.49918,0.1266,0.51311,0.55181,0.12006,0.004242,0.0035239,0.034842,0.0037741,0.012322,-0.029425,0.010738,0.0090408,0.041807,0.0092079,0.019589,-0.041271,0.020783,0.017808,0.04797,0.016173,0.028221,-0.050118,0.002345,0.0020863,0.048253,0.0060449,0.010587,-0.013561,0.0049282,0.0044226,0.046307,0.0076497,0.011832,-0.017466,0.0085387,0.0075633,0.046635,0.0098963,0.013371,-0.024998,0.0016236,0.0012299,0.023994,-0.00059708,0.0045031,-0.028841,0.0053807,0.0042696,0.039182,0.0055643,0.012256,-0.039813,0.011652,0.0097703,0.051449,0.013419,0.021754,-0.043104,0.00027341,0.0002077,0.049823,0.0024991,0.012688,-0.0129,0.0010813,0.00083626,0.062854,0.0058433,0.019634,-0.019758,0.0024644,0.0019282,0.070824,0.0095914,0.027381,-0.02667,0.39509,91,109,91,600,2,2,2,1
60,-0.029516,0.48814,0.47196,-0.72612,0.44685,-0.55863,-0.23066,-0.17147,2.3694,-0.01186,3.0679,0.00056965,2.9017,3.9466,0.53879,5.0559,0.0084974,0.72906,1.5631,1.1417,0.93311,0.66755,0.068783,0.096027,0.14166,0.087293,0.057306,0.093684,0.45525,0.28017,0.65404,1.1153,2.2883,2.6648,0.0028749,0.44316,7.4487,0.47358,0.25477,0.47358,0.16871,0.58156,0.101,0.73135,0.042592,112,120.57,10355,9.5371e+05,10.332,108.49,82840,3840,3000,0.91965,0.94003,0.17884,0.13345,0.078314,0.63838,18710,9193.1,2587.8,5.8395,0,0.032497,0,0.024631,0.00052011,0.0017385,0.00013484,0.005965,1.6475,3.5968,2.2115,0.1149,0.46746,0.37894,0.12617,0.5143,0.2854,0.13227,0.50588,0.26219,73.528,3.0315,38365,88841,87146,0.18535,0.22064,0.12568,0.32241,0.393,0.11495,0.39636,0.47236,0.099067,0.43132,0.50113,0.085057,0.4487,0.51352,0.074525,0.032951,0.04986,0.19212,0.086845,0.10157,0.23901,0.063999,0.09199,0.17688,0.10857,0.12132,0.27148,0.099125,0.13739,0.16241,0.12487,0.13623,0.29549,0.0080778,0.0082727,0.11799,0.031864,0.031847,0.0054252,0.014922,0.016254,0.099533,0.035986,0.036582,0.025673,0.022205,0.025004,0.086089,0.038225,0.038903,0.043365,0.024874,0.041587,0.26094,0.089121,0.10617,0.27413,0.051162,0.079534,0.26447,0.12202,0.1368,0.30814,0.081889,0.12128,0.25667,0.14806,0.16071,0.33292,0,0,0,-0.0022735,0.0078071,0,0,0,0,-0.0034409,0.011845,0,0,0,0,-0.0046453,0.016398,0,0.3883,91,109,91,600,2,2,2,1
60,-0.019411,0.60146,0.61123,-0.6227,0.54775,-0.42203,-0.32226,-0.31106,2.7977,-0.093458,3.0507,0.00010476,3.5569,4.0982,0.75077,5.3725,0.0090446,0.6235,1.833,1.2245,0.90141,0.62768,0.082514,0.082105,0.10644,0.10878,0.086064,0.099645,0.43446,0.0052886,0.55786,1.8047,0.50161,0.25239,0.023163,0.48862,3.6336,0.26433,0.21945,0.26433,0.20421,0.45884,0.15412,0.97094,0.46813,133,178.44,6206,4.5858e+05,6.4279,51.377,49648,25240,19832,0.91437,0.92796,0.15925,0.11954,0.079852,0.40222,19759,10201,1738.9,4.4662,0,0.048548,0,0.044455,0.0017168,0.0040444,0.0034125,0.0047187,2.0639,2.3594,0.088186,0.11619,0.46838,0.3763,0.12834,0.49682,0.31022,0.12889,0.4946,0.29783,87.752,3.0104,32517,1.0353e+05,1.0112e+05,0.12245,0.1267,0.13442,0.21788,0.22823,0.12575,0.28591,0.29701,0.11568,0.33238,0.33866,0.10611,0.35831,0.35964,0.096341,0.01572,0.017423,0.14838,0.04687,0.049478,0.036541,0.030599,0.034059,0.1369,0.058019,0.061448,0.050724,0.048839,0.054683,0.12954,0.068381,0.072426,0.066557,0.005737,0.0051308,0.13566,0.026781,0.026148,-0.021125,0.010459,0.0095551,0.11294,0.029159,0.02699,-0.02205,0.015471,0.014314,0.097098,0.030053,0.026617,-0.022609,0.0099834,0.012293,0.16955,0.0406,0.040723,0.063385,0.021156,0.025558,0.17704,0.05773,0.058713,0.078158,0.035547,0.042614,0.18037,0.073976,0.076023,0.094452,0,0,0,-0.0029098,0.01304,0,0,0,0,-0.0044037,0.015497,0,1.3482e-06,8.5859e-07,4.4527e-05,-0.0059367,0.017347,-0.0056604,0.45973,91,109,91,600,2,2,2,1
60,-0.0033181,0.19119,0.18917,-0.90028,0.1821,-1.0743,0.19332,0.074443,2.6803,-0.057174,3.0591,0.00015294,1.5249,3.4509,0.19461,4.4438,0.0074812,0.90232,0.57733,0.39474,0.31088,0.23076,0.14115,0.16508,0.2732,0.095366,0.052704,0.05706,0.21543,0.065513,0.010554,0.016202,2.0929,4.1288,0.67806,0.064595,7.0566,0.17186,0.11774,0.17186,0.25496,0.5593,0.16388,0.45248,0.10102,104,264.44,16509,2.6893e+06,9.426,93.39,1.3207e+05,15800,14816,0.91291,0.92882,0.37799,0.28896,0.25,0.79736,38226,16659,994.77,2.5926,0,0.035322,0,0.029338,0.0009187,0.0015682,0.00072281,0.003237,2.1844,0.93824,1.086,0.10971,0.45513,0.42188,0.11156,0.45714,0.42351,0.11924,0.45824,0.41552,221.03,3.375,41114,1.4039e+05,1.3912e+05,0.1187,0.12412,0.15581,0.21598,0.22274,0.14906,0.29273,0.29817,0.14163,0.35255,0.35647,0.13458,0.40032,0.40284,0.12871,0.005676,0.0068315,0.064061,0.010314,0.019002,0.041439,0.012783,0.015414,0.068387,0.016283,0.028737,0.059226,0.022136,0.026856,0.070208,0.021751,0.038238,0.078506,0.004169,0.0056413,0.11788,0.019087,0.025229,0.059385,0.0080841,0.011622,0.10438,0.022118,0.031743,0.097526,0.012748,0.019061,0.09567,0.024593,0.037752,0.13573,0.0010931,0.0009021,0.022199,-0.0035734,0.00072668,-0.017069,0.0032735,0.0027454,0.032756,-0.0010265,0.0047513,-0.024198,0.0064901,0.0055082,0.039378,0.0016976,0.009054,-0.03031,0.00041389,0.0002881,0.10364,0.006097,0.014909,-0.019819,0.0014254,0.0010464,0.11384,0.01061,0.022854,-0.026917,0.0029127,0.0022964,0.11503,0.014542,0.030807,-0.028802,0.42297,91,109,91,600,2,2,2,1
60,-0.0024009,0.098254,0.09539,-0.95103,0.092688,-0.79098,-0.16829,0.25787,2.2132,0.043677,3.0619,0.00084039,1.0961,3.5758,0.093669,4.6221,0.0077813,0.953,0.66068,0.50134,0.41493,0.30909,0.10043,0.14795,0.22746,0.084203,0.05359,0.075283,0.31108,0.69859,1.2555,1.8138,14.569,17.873,2.1019,0.0065272,38.318,0.25902,0.10095,0.25902,0.21465,0.236,0.13554,0.3055,0.023263,154,67.909,1558,52251,4.6142,25.712,12464,11904,8992,0.92031,0.94342,0.20762,0.14209,0.15416,0.6932,16681,9296.9,977.81,2.738,0,0.032091,0,0.030865,4.154e-05,0.0060208,0.0019916,0.0062148,0.71049,2.2364,1.567,0.1126,0.45607,0.40297,0.13807,0.4605,0.34198,0.1364,0.4634,0.3362,90.726,3.2237,21098,37634,35505,0.11071,0.11318,0.071485,0.19817,0.19839,0.067273,0.25837,0.25394,0.061489,0.2992,0.29054,0.056181,0.32763,0.31539,0.051815,0.01523,0.01498,0.084552,0.034327,0.034443,-0.0074776,0.029633,0.029216,0.077983,0.042435,0.044593,-0.0084963,0.046718,0.046582,0.072885,0.049178,0.054069,-0.0021613,0.0032696,0.0031242,0.045474,0.0091629,0.016431,-0.0097053,0.0074686,0.007381,0.047435,0.013593,0.019282,-0.003608,0.012803,0.012945,0.047264,0.017208,0.021334,0.004282,0.0093889,0.0094694,0.093787,0.028708,0.023468,0.0030519,0.018571,0.018735,0.091407,0.037532,0.034015,0.00421,0.030481,0.031219,0.090972,0.046756,0.044861,0.01453,0.0025716,0.0023866,0.31676,0.037882,0.035385,-0.014359,0.0062747,0.005691,0.24652,0.043879,0.04735,-0.026197,0.01071,0.0095749,0.20804,0.049286,0.060057,-0.037419,0.41309,91,109,91,600,2,2,2,1
60,-0.0081631,0.15996,0.16972,-0.91104,0.13104,-1.3459,0.47736,0.1902,2.9118,0.0042426,3.0459,1.1332e-05,1.4987,3.555,0.17713,4.6,0.0077441,0.91127,0.45395,0.27928,0.20816,0.15502,0.13313,0.2362,0.29309,0.10154,0.049755,0.041174,0.14512,0.040619,0.076651,5.8382e-06,1.3776,4.2811,1.9984,0.0038394,7.7782,0.22253,0.072035,0.22253,0.36829,0.51217,0.18276,0.43058,0.091105,102,185.28,4295,3.4632e+05,4.7287,28.231,34360,22688,17520,0.91293,0.92887,0.26403,0.21085,0.11602,0.65328,36102,13289,1129.7,2.7303,0,0.032838,0,0.03044,0.000256,0.0037629,0.00038241,0.0042859,2.0329,1.2175,0.64062,0.10662,0.46357,0.41196,0.11426,0.48158,0.38533,0.10602,0.48471,0.39552,166.26,3.2957,36264,1.3023e+05,1.2921e+05,0.12827,0.13082,0.12854,0.23402,0.23626,0.1233,0.32095,0.32507,0.11855,0.38884,0.39982,0.11332,0.44171,0.45973,0.10842,0.0090418,0.0092654,0.07791,0.020952,0.026496,0.0049887,0.020399,0.021758,0.08332,0.031776,0.040115,0.019102,0.036471,0.040507,0.088312,0.043789,0.054966,0.041433,0.0048065,0.0048799,0.10376,0.020243,0.01988,0.0021467,0.0091451,0.010214,0.090149,0.023074,0.025658,0.021671,0.014682,0.017833,0.084123,0.026567,0.031749,0.049465,0.003439,0.0036626,0.053318,0.007934,0.013515,0.0086599,0.0095758,0.010087,0.073153,0.018833,0.025396,0.010765,0.019084,0.020342,0.088399,0.031428,0.03883,0.018001,0.00079633,0.00072288,0.15224,0.01277,0.02127,-0.0061349,0.0025152,0.0022889,0.15337,0.019502,0.030509,-0.0094354,0.0053324,0.0048897,0.16077,0.027873,0.04063,-0.012102,0.39772,91,109,91,600,2,2,2,1
60,-0.0038723,0.1551,0.1517,-0.9209,0.151,-0.98335,0.067823,0.27975,3.2137,0.034253,3.0461,1.4234e-05,1.4909,3.8121,0.15245,4.89,0.0082323,0.92344,0.5051,0.36432,0.28795,0.23122,0.21245,0.19725,0.22357,0.07492,0.047498,0.039093,0.20522,0.24718,0.0048107,0.1949,4.7324,5.7192,2.8898,0.035951,13.824,0.16688,0.16648,0.16688,0.38474,0.41417,0.18194,0.39945,0.07485,88,119.9,7868,6.9664e+05,9.097,84.505,62944,2656,2312,0.91883,0.94,0.24076,0.19503,0.077845,0.81,26762,9957.2,1013.4,2.5636,0,0.055923,0,0.043985,0.0016403,0.0093162,0.0022191,0.013418,0.56628,1.4635,1.0844,0.12597,0.46988,0.38541,0.16464,0.49134,0.32241,0.18239,0.50286,0.29473,131.72,3.0833,62222,1.7413e+05,1.7326e+05,0.104,0.08715,0.060544,0.17956,0.14485,0.054955,0.23132,0.18176,0.049635,0.26473,0.20361,0.044817,0.28583,0.21664,0.040756,0.0090222,0.0065192,0.045159,0.015824,0.016537,-0.049843,0.020006,0.015657,0.047467,0.023389,0.023363,-0.055533,0.034786,0.028345,0.048929,0.030968,0.030321,-0.060914,0.0067829,0.0052925,0.085055,0.023886,0.018813,-0.034742,0.015479,0.013116,0.088635,0.034824,0.026051,-0.034101,0.026529,0.02361,0.088296,0.04413,0.032163,-0.031358,0.0021574,0.0011842,0.01943,0.0014405,0.0041312,-0.04033,0.0051465,0.0028777,0.022838,0.0037659,0.0082502,-0.057707,0.0095319,0.0054237,0.025648,0.0066008,0.012663,-0.073834,8.1892e-05,4.245e-05,0.0090942,-0.00089231,0.009211,-0.011815,0.0002947,0.00015414,0.010439,-0.0010794,0.011701,-0.015892,0.00064889,0.00034585,0.011364,-0.0012054,0.015477,-0.022085,0.34376,91,109,91,600,2,2,2,1
60,-0.0089375,0.13498,0.14424,-0.92494,0.10257,-1.4221,0.53746,0.24814,2.745,0.14382,3.0458,7.8135e-05,1.0047,2.6492,0.14336,3.331,0.0056078,0.92798,0.36628,0.24067,0.19146,0.15039,0.1668,0.21301,0.32333,0.082051,0.036868,0.033182,0.14476,0.090425,0.011987,0.00016971,3.8247,13.058,5.4024,0.032116,22.42,0.43324,0.13601,0.43324,0.48601,0.62015,0.19952,0.3865,0.075054,88,175.33,12093,1.6502e+06,9.0993,84.522,96744,5264,3624,0.91622,0.9333,0.22012,0.17259,0.093241,0.61648,35599,11896,1069.8,2.65,0,0.040194,0,0.032238,0.00033787,0.0035566,0.0001914,0.0037641,0.3672,1.2613,2.1005,0.12176,0.47362,0.39322,0.1363,0.51448,0.34403,0.15619,0.51503,0.32547,176.13,3.1458,47293,1.4059e+05,1.3963e+05,0.095735,0.087584,0.079798,0.17704,0.16045,0.077585,0.23815,0.21512,0.073167,0.28692,0.25814,0.069551,0.32505,0.29176,0.066362,0.004087,0.0028239,0.029291,0.0030176,0.0096198,-0.046756,0.010891,0.0077109,0.036998,0.0089083,0.016494,-0.065662,0.021128,0.015549,0.042552,0.015627,0.024205,-0.080092,0.00090329,0.00056505,0.016218,-0.0018492,0.0049504,-0.025557,0.0023415,0.0015818,0.019198,-0.001369,0.0056108,-0.034209,0.0055608,0.0043112,0.0265,0.0019845,0.0082567,-0.036666,0.0025694,0.0018412,0.033134,0.0034944,0.0046358,-0.033503,0.0064723,0.0047647,0.041126,0.0082977,0.0098645,-0.045008,0.011571,0.008674,0.044579,0.012338,0.015048,-0.054709,0.00061427,0.00041764,0.097674,0.0083849,0.016603,-0.021424,0.0021091,0.0013831,0.10697,0.014261,0.026426,-0.034828,0.0041768,0.0026698,0.10474,0.018746,0.035102,-0.047846,0.35554,91,109,91,600,2,2,2,1
60,-0.013499,0.29787,0.29247,-0.84086,0.28302,-0.99202,0.17977,-0.37253,2.8241,-0.090141,3.0432,9.3228e-05,2.0099,3.6087,0.30918,4.8158,0.0081075,0.8445,0.66639,0.44769,0.33464,0.25702,0.10634,0.13222,0.32137,0.099762,0.064389,0.050917,0.22501,0.012759,0.037875,0.023278,1.0561,1.3685,0.64953,0.12932,3.2773,0.26605,0.12557,0.26605,0.35428,0.40086,0.20195,0.57987,0.16691,92,164.77,3887,3.6127e+05,5.0467,28.312,31096,27496,21264,0.91815,0.93713,0.26933,0.20386,0.127,0.79493,27607,11499,840.72,2.1819,0,0.0537,0,0.043672,0.0002916,0.00042779,0.00057926,0.0028532,0.13528,3.2171,3.1879,0.10262,0.47206,0.40741,0.10271,0.49113,0.38727,0.093722,0.51385,0.37601,216.19,3.2593,43027,1.0162e+05,1.0007e+05,0.090079,0.090691,0.066796,0.1798,0.18508,0.070097,0.26194,0.277,0.071595,0.33943,0.36873,0.073196,0.41227,0.45824,0.074878,0.0051909,0.0045598,0.033096,0.00621,0.017604,-0.023247,0.013944,0.012497,0.042142,0.014442,0.028686,-0.029672,0.026772,0.02401,0.047967,0.023111,0.039339,-0.039447,0.0026436,0.0022591,0.042226,0.00677,0.013705,-0.018713,0.0056731,0.0048762,0.04138,0.0090261,0.015674,-0.024476,0.0091992,0.0079282,0.039,0.010206,0.016571,-0.029733,0.001632,0.001235,0.018723,-0.00049027,0.0062679,-0.027054,0.0049915,0.0038563,0.028215,0.0038437,0.014475,-0.039581,0.010582,0.0082903,0.036271,0.0096069,0.023291,-0.052308,0.00091526,0.0010657,0.12947,0.012935,0.023681,0.015029,0.0033564,0.0038126,0.15144,0.023508,0.038468,0.019634,0.0071106,0.0078661,0.15863,0.033479,0.051707,0.02104,0.36796,91,109,91,600,2,2,2,1
60,-0.0022788,0.1414,0.13929,-0.92762,0.13588,-1.0728,0.15656,0.1422,2.6858,0.022934,3.0589,5.9427e-05,1.1628,3.0665,0.14332,3.8733,0.0065206,0.92818,0.50458,0.35581,0.28974,0.22752,0.22724,0.18006,0.2269,0.079547,0.041214,0.042864,0.20217,0.24127,0.0056711,0.18776,4.4093,9.6958,2.6673,0.02156,17.229,0.15129,0.097781,0.15129,0.34715,0.37265,0.17683,0.3851,0.067948,82,92.085,5859,4.1439e+05,8.8035,79.003,46872,1936,1872,0.92138,0.94492,0.16687,0.12815,0.035781,0.74355,20911,8918.4,916,2.2554,0,0.070924,0,0.050594,0.0018571,0.0077525,0.0035975,0.0095869,3.086,5.353,1.9678,0.11806,0.47015,0.39252,0.13695,0.51285,0.33262,0.15962,0.51489,0.30618,172.33,3.1402,73260,1.4338e+05,1.4256e+05,0.12789,0.12818,0.051409,0.23732,0.22664,0.050154,0.32295,0.2994,0.047849,0.37662,0.34642,0.044026,0.41381,0.37996,0.040742,0.011853,0.012388,0.040965,0.019445,0.025714,0.0099411,0.026746,0.031724,0.043818,0.029175,0.040955,0.058478,0.046636,0.061119,0.045295,0.038581,0.056979,0.12644,0.010835,0.011761,0.093819,0.034326,0.033823,0.01791,0.023777,0.029785,0.094011,0.047694,0.049302,0.074106,0.039771,0.056554,0.091398,0.058819,0.065677,0.15684,0.0010173,0.00062632,0.0063262,-0.0021769,0.0037333,-0.029622,0.0037751,0.0024125,0.011568,0.00042525,0.0097095,-0.045606,0.0086072,0.0055985,0.015992,0.0040901,0.015743,-0.062076,0,0,0,-0.0017438,0.0098515,0,1.542e-05,9.0035e-06,0.00037714,-0.0025478,0.017093,-0.012463,0.00031099,0.0001819,0.0037608,-0.0023344,0.024311,-0.021211,0.32412,91,109,91,600,2,2,2,1
60,-0.0087386,0.47785,0.48464,-0.71732,0.45259,-0.53285,-0.25716,0.23974,2.8841,0.02388,3.0436,5.5809e-06,2.6911,3.5917,0.55952,4.5329,0.0076311,0.71908,1.4188,0.98076,0.76586,0.5416,0.067087,0.087118,0.16897,0.1055,0.07089,0.095058,0.40537,0.20152,0.68275,0.37036,0.82385,0.93242,0.0015813,0.42105,3.4335,0.30933,0.18126,0.30933,0.39729,0.61371,0.21492,0.78219,0.17168,104,172.22,11942,1.3835e+06,9.696,97.153,95536,9608,6560,0.91675,0.93525,0.20407,0.15122,0.097504,0.62052,22985,11286,1863.2,5.1158,0,0.023657,0,0.023567,0.00018644,0.0065219,0.0011363,0.0058081,4.098,5.6433,1.4919,0.13113,0.46354,0.38863,0.16869,0.48092,0.33933,0.18835,0.46553,0.33648,112.14,3.109,30457,78228,76675,0.069999,0.053389,0.061497,0.11826,0.08904,0.054622,0.15347,0.11464,0.049698,0.17539,0.13037,0.044811,0.18695,0.13854,0.04023,0.0045064,0.0032866,0.03404,0.0044952,0.011679,-0.052245,0.0091641,0.0066596,0.032813,0.0054196,0.016676,-0.070158,0.01504,0.011115,0.031926,0.0061812,0.021817,-0.084448,0.002237,0.0015893,0.042334,0.0052147,0.012412,-0.038602,0.0043314,0.0030844,0.03743,0.0053129,0.011814,-0.050668,0.0071423,0.0052152,0.035874,0.0059902,0.011317,-0.06034,0.0022694,0.0016973,0.030844,0.0022694,0.0032009,-0.035122,0.0048327,0.0035752,0.032365,0.0037271,0.008745,-0.048372,0.0078929,0.0058969,0.032052,0.0044988,0.014599,-0.058619,0,0,0,-0.0025949,0.0083248,0,0,0,0,-0.0039276,0.013585,0,4.7536e-06,2.9295e-06,0.00012564,-0.0052747,0.018781,-0.0063145,0.38707,91,109,91,600,2,2,2,1
60,-0.029115,0.79738,0.82873,-0.41217,0.69144,-0.24441,-0.40702,-0.11777,3.0856,0.012161,3.0386,2.0766e-05,3.8607,3.5631,1.1701,4.5858,0.0077202,0.41291,1.9807,1.4387,1.1048,0.81487,0.051426,0.060131,0.15456,0.082354,0.071832,0.083824,0.49587,0.31797,1.3089,0.19717,1.0512,0.35107,0.0078897,0.58526,3.8195,0.12432,0.17723,0.17723,0.27991,0.28558,0.14179,1.3233,0.84288,169,72.604,3877,1.1154e+05,9.1482,99.746,31016,9848,8424,0.91976,0.94262,0.15896,0.11478,0.10566,0.58736,14790,8308.7,892.6,2.2858,0,0.043803,0,0.035677,0.0021504,0.0098955,0.0017609,0.01515,3.0918,2.6101,0.32955,0.12321,0.4675,0.38545,0.14933,0.50629,0.30809,0.16905,0.49517,0.29246,75.924,3.0836,79623,1.6847e+05,1.6748e+05,0.099103,0.10634,0.066587,0.19194,0.21504,0.067803,0.26746,0.30331,0.066238,0.32649,0.36311,0.063796,0.36991,0.40433,0.060876,0.010204,0.0094614,0.058947,0.020448,0.0274,-0.016577,0.020807,0.019658,0.056979,0.026669,0.03758,-0.017058,0.034324,0.032522,0.055724,0.032659,0.046425,-0.020328,0.0065226,0.0065852,0.094403,0.024483,0.025178,0.0017002,0.012113,0.012741,0.080058,0.02755,0.028974,0.011907,0.01833,0.019646,0.070412,0.029603,0.031236,0.01982,0.0030363,0.0023673,0.031562,0.004922,0.010075,-0.028017,0.0066483,0.005309,0.034052,0.0078826,0.016501,-0.035513,0.012041,0.0097077,0.037396,0.011965,0.023272,-0.044804,0.00064465,0.00050887,0.082628,0.0079955,0.022372,-0.014375,0.0022649,0.0018008,0.092595,0.013973,0.033414,-0.022445,0.0045913,0.0037306,0.092809,0.018919,0.043245,-0.026623,0.4629,91,109,91,600,2,2,2,1
60,-0.057972,1.0752,0.99203,0.079452,0.99151,0.077624,-0.023009,-0.099237,2.6976,-0.018156,3.0698,7.687e-05,4.1202,2.8051,2.1502,3.3331,0.0056112,-0.07966,4.2807,3.0022,2.3091,1.536,0.036325,0.038059,0.076253,0.063384,0.054833,0.096527,0.63462,0.76094,4.1213,2.4152,1.8108,0.68174,0.09736,0.70491,10.592,0.15712,0.17405,0.17405,0.22338,0.22674,0.14112,2.9164,4.1532,188,89.431,5154,1.7035e+05,10.005,119.09,41232,10760,8040,0.91828,0.93699,0.20047,0.14588,0.12544,0.5956,15200,9119.3,1124.5,2.8858,0,0.031547,0,0.030176,0.0026908,0.026505,0.0052062,0.0408,0.37538,0.58741,0.78411,0.12289,0.46981,0.38424,0.1531,0.48985,0.32327,0.15611,0.49329,0.31737,61.066,3.0739,49437,1.2927e+05,1.2791e+05,0.089515,0.086337,0.087342,0.17956,0.18007,0.092116,0.26705,0.28031,0.096044,0.341,0.36333,0.09676,0.39496,0.41617,0.094392,0.0085808,0.0081552,0.071988,0.019048,0.022162,-0.012406,0.018353,0.017392,0.072987,0.026677,0.031582,-0.017858,0.030419,0.028835,0.071716,0.032839,0.039751,-0.022308,0.0050147,0.0051257,0.1054,0.021139,0.023503,0.0040894,0.009607,0.0099118,0.092206,0.024407,0.026783,0.0076731,0.015028,0.015688,0.083835,0.027117,0.029519,0.013027,0.0019973,0.0016227,0.03015,0.0011317,0.0028998,-0.023174,0.0050421,0.0041197,0.037503,0.0045797,0.0084362,-0.03298,0.0091431,0.0074686,0.041236,0.0076806,0.013975,-0.042706,0.0015688,0.0014068,0.29201,0.027469,0.029131,-0.012913,0.0045244,0.0040211,0.26862,0.037913,0.042375,-0.019311,0.0079986,0.0070647,0.2348,0.044036,0.052598,-0.025536,0.51801,91,109,91,600,2,2,2,1
60,-0.026494,1.0392,0.99833,0.00078047,0.99768,0.00080041,0.025549,0.17251,2.438,0.093959,3.0769,0.00041183,3.5234,2.4887,1.9977,2.975,0.0050085,-0.00078097,3.5824,2.381,1.8143,1.2544,0.034736,0.040545,0.10971,0.080845,0.062084,0.092006,0.58007,0.82263,3.0843,0.5317,0.58117,0.30703,0.08835,0.68544,6.1006,0.17162,0.16413,0.17162,0.1976,0.43271,0.15854,4.683,10.536,175,56.274,4624,1.2562e+05,12.121,155.33,36992,4952,2912,0.9191,0.93946,0.084551,0.062588,0.022347,0.33974,12341,7319.7,1001.7,2.5183,0,0.04088,0,0.033918,0.00095485,0.0040071,0.00069773,0.0059146,1.8412,1.1093,0.83784,0.1266,0.46678,0.38341,0.15789,0.49471,0.31559,0.18219,0.48967,0.2988,79.725,3.0673,52247,1.0975e+05,1.0836e+05,0.1025,0.092806,0.063677,0.18826,0.16843,0.06149,0.26362,0.24541,0.060366,0.33662,0.34789,0.060817,0.39856,0.44051,0.060649,0.014459,0.013783,0.077233,0.03151,0.034716,-0.012595,0.027112,0.026194,0.068649,0.037042,0.043833,-0.011843,0.041091,0.039588,0.061683,0.040576,0.050459,-0.015453,0.011341,0.011214,0.15176,0.045059,0.041216,-0.0026205,0.019924,0.02007,0.12176,0.048571,0.043118,0.0021541,0.028759,0.029077,0.10215,0.050283,0.042447,0.0038439,0.0017267,0.0012511,0.016596,-9.9057e-05,0.0052791,-0.025318,0.0033662,0.0024454,0.015942,-0.00047213,0.0097301,-0.033736,0.0057531,0.0041896,0.016521,-0.00021614,0.014488,-0.04334,0.0013913,0.001318,0.16489,0.019098,0.027527,-0.0051015,0.0038266,0.0036822,0.14465,0.024953,0.040789,-0.0050674,0.0066622,0.0063756,0.12452,0.028381,0.051452,-0.0072727,0.45184,91,109,91,600,2,2,2,1
60,-0.0056165,0.15193,0.14818,-0.92281,0.14764,-0.97846,0.060306,-0.11876,2.7576,-0.022033,3.0533,2.9633e-05,1.1761,3.0471,0.14849,3.921,0.006601,0.92543,0.47865,0.34268,0.27556,0.22508,0.1846,0.19725,0.25001,0.077889,0.044569,0.036738,0.20894,0.14022,7.094e-05,0.10872,4.9451,8.5131,4.4673,0.025728,18.2,0.19015,0.13261,0.19015,0.28348,0.52768,0.17427,0.39247,0.052639,85,181.49,10532,1.3074e+06,8.8337,80.272,84256,8136,4656,0.91854,0.93664,0.22452,0.17794,0.080818,0.69358,32975,11753,828.88,2.1231,0,0.057592,0,0.054825,3.8413e-05,0.0014713,0.001147,0.0013977,1.5257,2.8835,1.8377,0.10395,0.44331,0.43559,0.11646,0.42248,0.44628,0.10595,0.40682,0.4775,202.42,3.4848,68561,1.9111e+05,1.8988e+05,0.11075,0.10674,0.077707,0.21046,0.20508,0.07764,0.28993,0.28469,0.074985,0.34996,0.34638,0.07141,0.39243,0.39114,0.067445,0.0014343,0.00091197,0.0086535,-0.0051037,0.011332,-0.031335,0.0048173,0.0032617,0.013776,-0.0035431,0.01615,-0.045499,0.010905,0.0077529,0.018488,-0.0004667,0.021464,-0.05777,0.00067924,0.00040195,0.010266,-0.0027589,0.011798,-0.021837,0.0017159,0.0010315,0.011843,-0.0031369,0.011096,-0.031879,0.0033992,0.0020604,0.013636,-0.0029985,0.0096304,-0.04311,0.00028679,0.00017226,0.0031132,-0.0057533,-4.9941e-06,-0.0156,0.0010961,0.00067374,0.0058629,-0.006423,0.0030679,-0.026499,0.0031692,0.0020019,0.010279,-0.0053508,0.0075822,-0.041422,0.00046832,0.00033775,0.062687,0.0053051,0.021815,-0.016418,0.0020105,0.0015596,0.085837,0.012286,0.032285,-0.021035,0.0044959,0.0037861,0.094908,0.018841,0.042913,-0.019982,0.34751,91,109,91,600,2,2,2,1
60,-0.0087209,0.20151,0.20696,-0.89033,0.1749,-1.2408,0.39362,-0.14971,2.804,-0.013359,3.0717,9.8742e-05,1.4577,3.1647,0.21149,4.0689,0.0068501,0.89369,0.55149,0.34319,0.25803,0.19934,0.11677,0.16421,0.32074,0.112,0.056466,0.043587,0.18623,0.0092619,0.0050511,0.0028757,1.0321,3.2904,1.8205,0.021532,6.1817,0.11902,0.1022,0.11902,0.15537,0.17629,0.10562,0.47313,0.095579,98,132.73,7332,5.6346e+05,8.9969,86.002,58656,8952,5920,0.91883,0.93924,0.25181,0.18594,0.13383,0.77667,23531,11721,923.1,2.3768,0,0.048711,0,0.033255,0.00028578,0.00010135,0.0023374,0.0061387,1.1113,2.139,3.0452,0.097139,0.44861,0.43807,0.080844,0.44711,0.46574,0.069991,0.41919,0.50647,182.38,3.5046,45468,97902,96500,0.087675,0.074162,0.062446,0.16619,0.14146,0.062232,0.23553,0.20176,0.061832,0.30768,0.2703,0.06373,0.3832,0.35236,0.066851,0.0029561,0.0021205,0.018103,-0.0005951,0.015016,-0.041687,0.0073777,0.0054656,0.021417,0.0014005,0.01982,-0.055752,0.014064,0.010783,0.024204,0.0041314,0.024587,-0.066804,0.00084079,0.00057162,0.0129,-0.0020061,0.011131,-0.022926,0.0014043,0.00096323,0.0098383,-0.0041066,0.0087705,-0.026976,0.0018519,0.0012771,0.007541,-0.0064946,0.006591,-0.030026,0.001937,0.0014229,0.021344,0.00072519,0.0068382,-0.03252,0.0052046,0.0039325,0.028258,0.0043255,0.012655,-0.044833,0.010416,0.008148,0.034291,0.0090799,0.018254,-0.053895,0.00017826,0.00012603,0.02422,0.00059091,0.015923,-0.013555,0.0007688,0.00056983,0.033318,0.0025555,0.024032,-0.019045,0.0017963,0.0013581,0.03849,0.0047252,0.032308,-0.025623,0.37204,91,109,91,600,2,2,2,1
60,-0.026414,0.89496,0.906,-0.30413,0.81017,-0.20522,-0.32522,0.14676,2.9779,0.0071637,3.0739,3.5798e-05,4.2511,3.6022,1.3881,4.731,0.0079646,0.30433,2.4209,1.6909,1.2555,0.94934,0.035194,0.048011,0.15318,0.085571,0.077412,0.075136,0.5255,1.4404,2.8185,0.16615,0.72284,0.20822,0.00016566,0.61342,5.9697,0.17665,0.10569,0.17665,0.18175,0.31249,0.1157,1.2153,0.1642,177,55.893,1721,36945,6.5641,53.173,13768,12848,3816,0.92097,0.94354,0.11534,0.080081,0.061766,0.5076,14599,8236.5,874.89,2.2749,0,0.021868,0,0.027347,0.0042074,0.0031548,0.0079394,0.0059393,4.942,6.3421,1.2593,0.11783,0.46844,0.39438,0.15102,0.51118,0.31585,0.15317,0.51965,0.29953,74.646,3.155,29004,52856,50953,0.11109,0.10769,0.06636,0.2014,0.19152,0.06325,0.26581,0.24966,0.058522,0.31439,0.29489,0.054614,0.35109,0.32951,0.051368,0.014093,0.017483,0.07238,0.029886,0.037373,0.085929,0.025055,0.030925,0.060997,0.032659,0.044889,0.10616,0.036601,0.044507,0.052826,0.033793,0.050394,0.11643,0.013228,0.016785,0.1702,0.052438,0.054858,0.092436,0.022863,0.029054,0.13433,0.055761,0.058459,0.11647,0.032579,0.040958,0.11126,0.05713,0.0587,0.12985,0.00074381,0.00060833,0.0068737,-0.0036493,-0.00066122,-0.017543,0.0023445,0.0020632,0.010676,-0.0029181,0.0032516,-0.017992,0.0046972,0.0043384,0.012969,-0.0021399,0.0077213,-0.015298,0.00012116,8.9666e-05,0.013806,-0.00031559,0.020066,-0.0096354,0.00031371,0.00022878,0.011402,-0.00095611,0.030559,-0.014248,0.00083672,0.00063155,0.015037,-0.00031397,0.041388,-0.023721,0.44454,91,109,91,600,2,2,2,1
60,-0.0022068,0.1202,0.11669,-0.93974,0.11627,-0.88355,-0.059792,0.27715,2.6265,0.014191,3.0625,0.00017623,1.0886,3.1513,0.11893,3.9754,0.0066926,0.9404,0.52991,0.40359,0.32118,0.24474,0.1689,0.22855,0.18658,0.070649,0.053369,0.055824,0.23613,0.048692,0.00014269,1.141,9.0812,7.2015,1.8208,0.020694,19.314,0.24534,0.18641,0.24534,0.2703,0.29025,0.1555,0.34932,0.050694,90,98.211,3070,1.8484e+05,6.039,39.428,24560,21872,3744,0.918,0.94026,0.16376,0.13191,0.026176,0.64791,20483,9520.2,886.27,2.4566,0,0.065409,0,0.035731,0.00083887,0.00035607,0.0017759,6.488e-06,2.88,4.1452,1.147,0.11871,0.46246,0.40125,0.1471,0.46311,0.36984,0.16756,0.49597,0.323,107.61,3.21,71474,1.8622e+05,1.8494e+05,0.097101,0.062882,0.051272,0.17105,0.10948,0.047486,0.22153,0.14164,0.043116,0.25789,0.1652,0.039601,0.28266,0.18067,0.036558,0.0071677,0.0046546,0.032542,0.010299,0.013708,-0.049484,0.013965,0.0091401,0.030055,0.012187,0.016676,-0.063804,0.021805,0.014452,0.02782,0.013233,0.019746,-0.076491,0.0023939,0.0014221,0.027228,0.0046688,0.011438,-0.032412,0.0042712,0.0025742,0.022184,0.0039424,0.010502,-0.03946,0.0061227,0.0037972,0.018484,0.0026561,0.0090134,-0.044689,0.0047596,0.0032243,0.038881,0.010204,0.0070874,-0.038713,0.010679,0.0072351,0.042985,0.016073,0.011826,-0.053,0.017744,0.012066,0.043306,0.020366,0.016829,-0.065935,1.4247e-05,8.1639e-06,0.0014351,-0.0018015,0.0066672,-0.0076754,0.00016558,9.3878e-05,0.0053197,-0.0019047,0.011552,-0.012436,0.0006357,0.00036977,0.010099,-0.001207,0.017122,-0.01849,0.3462,91,109,91,600,2,2,2,1
60,-0.0025967,0.1916,0.1894,-0.90016,0.18907,-0.93777,0.041784,0.50971,3.5178,0.093291,3.02,4.7245e-05,1.74,3.9614,0.19232,5.2354,0.0088138,0.90335,0.62816,0.41962,0.32468,0.24502,0.15121,0.16785,0.24191,0.10267,0.057449,0.054963,0.22395,0.077213,0.0024162,0.065037,1.4787,3.1479,0.81228,0.082293,5.6658,0.20637,0.11068,0.20637,0.41868,0.53643,0.20284,0.448,0.087289,85,91.741,2535,1.3915e+05,5.6897,35.489,20280,18432,3768,0.9212,0.94515,0.16246,0.12813,0.025247,0.75365,21099,9175.2,814.24,2.1628,0,0.059836,0,0.042014,0.00031139,0.0029272,0.00066068,0.003792,4.7318,5.637,0.98959,0.10434,0.4582,0.42403,0.090385,0.46732,0.43564,0.088579,0.47716,0.43,195.82,3.3922,69694,1.5356e+05,1.5294e+05,0.15109,0.14761,0.06212,0.25694,0.26982,0.055542,0.33608,0.37651,0.050932,0.40666,0.4714,0.048624,0.46237,0.54195,0.046563,0.0034833,0.0021586,0.012314,0.00074195,0.0062366,-0.039051,0.0075102,0.0045906,0.012585,0.0012542,0.011044,-0.054955,0.012535,0.0075624,0.012453,0.0014412,0.016015,-0.070054,0.00075198,0.00043404,0.0066599,-0.0018399,0.0037548,-0.020759,0.0017571,0.0010033,0.0071064,-0.0022973,0.0032713,-0.029711,0.0034471,0.0020049,0.008103,-0.0022046,0.0034666,-0.040347,0.0027195,0.0017182,0.017298,0.0028887,0.0015772,-0.03305,0.0056491,0.0035317,0.017705,0.004157,0.0052542,-0.045529,0.008866,0.0054389,0.016849,0.0045283,0.0090366,-0.056343,1.1853e-05,6.3536e-06,0.0009297,-0.0016169,0.014822,-0.0092939,0.00010394,5.5621e-05,0.0026004,-0.0020473,0.023242,-0.0094814,0.0002223,0.00011852,0.0027498,-0.0027156,0.031606,-0.010726,0.33018,91,109,91,600,2,2,2,1
60,-0.0039911,0.23712,0.22994,-0.87731,0.22947,-0.91661,0.044793,-0.19688,2.706,-0.052876,3.0605,4.1409e-05,1.7975,3.6324,0.24405,4.6475,0.0078241,0.87771,0.63406,0.46822,0.37402,0.28825,0.13551,0.19478,0.23682,0.077114,0.052093,0.054064,0.24962,0.053971,0.011246,0.039082,3.2421,3.5264,0.65033,0.15233,7.6754,0.1346,0.1689,0.1689,0.27588,0.29974,0.20187,0.51105,0.1286,106,113.43,5700,3.2867e+05,8.8174,84.942,45600,10168,8608,0.9207,0.94255,0.18749,0.13044,0.12428,0.68505,21532,9951.9,1024.4,2.5553,0,0.030074,0,0.028688,0.00052629,0.0044609,0.0024943,0.0039551,4.3778,4.2489,0.060475,0.11223,0.46003,0.41084,0.13142,0.47199,0.38179,0.13581,0.47527,0.37619,123.5,3.2867,25424,46644,44758,0.11619,0.11241,0.073435,0.20845,0.20496,0.069269,0.27651,0.2754,0.064418,0.32012,0.32084,0.05884,0.34845,0.34831,0.053943,0.007699,0.0074988,0.041839,0.012777,0.022353,-0.007531,0.015657,0.01638,0.040332,0.016441,0.031163,0.018299,0.026773,0.029119,0.040887,0.021306,0.040355,0.044781,0.0037367,0.003306,0.050873,0.01117,0.02232,-0.023006,0.0070731,0.0062261,0.043974,0.012317,0.02374,-0.031167,0.010755,0.0093912,0.038865,0.012696,0.023527,-0.039799,0.0039515,0.0041849,0.038638,0.0081744,0.0083095,0.012991,0.0098184,0.011214,0.047306,0.015481,0.019573,0.045678,0.018414,0.021831,0.053796,0.023572,0.032092,0.079203,1.0824e-05,7.8407e-06,0.0013051,-0.0020265,0.01179,-0.0074658,9.9211e-05,7.2923e-05,0.0038154,-0.0025812,0.017474,-0.010972,0.00046914,0.00034777,0.0089208,-0.0021502,0.024261,-0.022552,0.37461,91,109,91,600,2,2,2,1
60,-0.050736,0.8854,0.87834,-0.34669,0.74874,-0.21352,-0.38412,-0.22286,2.8354,-0.061686,3.0655,5.0436e-05,4.4692,3.9174,1.2972,4.8787,0.0082133,0.34794,2.8635,1.8771,1.3206,0.86288,0.051449,0.041729,0.084818,0.098417,0.092441,0.11743,0.51371,0.33176,4.8154,2.9211,0.50493,0.063407,0.12092,0.58788,9.3454,0.086365,0.16514,0.16514,0.22322,0.28694,0.13028,1.3471,0.69449,151,69.848,4644,1.4675e+05,11.11,131.84,37152,3496,3280,0.92114,0.94346,0.13168,0.091305,0.096555,0.43295,13370,8532.6,880.66,2.3135,0,0.035958,0,0.029353,0.003088,0.0053421,0.0071529,0.0057932,1.6163,2.6687,1.1357,0.11952,0.46745,0.38547,0.14707,0.50191,0.31362,0.1574,0.49597,0.29161,72.019,3.0837,50529,98519,97046,0.090363,0.092401,0.060973,0.17403,0.18996,0.061737,0.25808,0.29118,0.064187,0.33752,0.37661,0.066231,0.403,0.44318,0.066604,0.0074034,0.0065244,0.042952,0.012351,0.024081,-0.028138,0.014893,0.013158,0.040957,0.015555,0.031968,-0.036896,0.02448,0.021584,0.039911,0.018778,0.039257,-0.047086,0.005922,0.0051976,0.086074,0.021734,0.026835,-0.025065,0.010297,0.0091824,0.068343,0.022248,0.026402,-0.027577,0.014536,0.013047,0.056077,0.021382,0.024765,-0.030338,0.0010709,0.0010123,0.011179,-0.0026251,0.005595,-0.0057563,0.0034036,0.0030416,0.017507,-0.00039699,0.012394,-0.017429,0.0075269,0.0065729,0.023476,0.0032205,0.019714,-0.028943,0.00041055,0.00031454,0.052846,0.0042791,0.017078,-0.015085,0.0011922,0.0009344,0.048949,0.0057455,0.027519,-0.020135,0.0024229,0.0019687,0.049185,0.0078172,0.038004,-0.024333,0.44133,91,109,91,600,2,2,2,1
60,-0.098671,1.0255,0.92609,-0.26901,0.9067,-0.23009,-0.14469,0.24365,2.7766,0.059743,3.0607,5.6915e-05,2.9845,2.4799,1.4435,2.8885,0.0048627,0.27118,2.7794,2.2593,1.8696,1.3125,0.05324,0.048175,0.086441,0.046625,0.046017,0.092711,0.62679,0.26759,3.2961,2.8968,7.5495,2.5177,0.020911,0.65097,17.199,0.23869,0.17268,0.23869,0.30544,0.32563,0.19181,1.5244,1.0215,184,56.245,1713,32251,5.563,42.989,13704,7728,5496,0.92187,0.94458,0.13932,0.093984,0.10991,0.52514,13485,8481,849.08,2.2971,0,0.02727,0,0.030397,0.00093353,0.0031008,0.0020017,0.0065412,2.1724,2.8298,0.6383,0.11771,0.45982,0.40382,0.13985,0.48497,0.35903,0.14318,0.49017,0.35111,70.036,3.2305,15698,27722,24414,0.069273,0.063872,0.042904,0.1276,0.11893,0.041548,0.18101,0.17472,0.041322,0.23706,0.23831,0.042697,0.29288,0.29929,0.044429,0.011324,0.013555,0.0603,0.022734,0.031802,0.084156,0.021984,0.025299,0.055493,0.027711,0.041432,0.083714,0.033249,0.037121,0.049756,0.029872,0.048223,0.07813,0.0094298,0.011882,0.1258,0.036461,0.042552,0.099077,0.016931,0.020723,0.10315,0.04004,0.044606,0.10725,0.023657,0.028288,0.08377,0.039539,0.042841,0.10824,0.0011365,0.0010631,0.010889,-0.0022713,0.00019736,-0.0098384,0.0031632,0.0030461,0.014934,-0.00096849,0.0055919,-0.0081772,0.0061323,0.0059983,0.017555,0.00048941,0.011761,-0.0064639,0.00075731,0.00060918,0.089476,0.0093901,0.028045,-0.026985,0.0024016,0.0019473,0.090505,0.014412,0.041956,-0.036321,0.0045029,0.0036791,0.083903,0.017716,0.053429,-0.046293,0.44989,91,109,91,600,2,2,2,1
60,-0.061339,0.83971,0.86667,-0.36316,0.6648,-0.18789,-0.48263,-0.40567,3.1522,-0.088311,3.0097,4.653e-05,3.4341,3.0439,1.2686,3.9738,0.00669,0.3637,2.0061,1.5921,1.3225,1.0431,0.06227,0.084682,0.1038,0.059649,0.050293,0.066106,0.5732,0.10238,0.36407,1.5948,3.5986,1.9534,0.038705,0.62104,8.2729,0.077001,0.12764,0.12764,0.1381,0.28841,0.11594,1.428,0.93289,156,84.891,2740,1.1438e+05,5.7162,38.794,21920,18288,14272,0.92059,0.94055,0.21024,0.14704,0.14044,0.63974,17935,9454.3,822.3,2.1427,0,0.037795,0,0.035258,0.00094402,0.0024381,0.0024228,0.0013815,1.5526,3.3971,1.5438,0.11336,0.4764,0.38941,0.13033,0.52176,0.32069,0.13393,0.52725,0.30958,99.025,3.1153,25105,50170,47838,0.083087,0.089104,0.062456,0.16631,0.17576,0.065728,0.25758,0.26958,0.071368,0.3535,0.37178,0.077276,0.43022,0.45504,0.079211,0.01125,0.013229,0.072708,0.024866,0.033284,0.064767,0.024889,0.028415,0.076253,0.036384,0.048529,0.072999,0.043204,0.048307,0.07847,0.047874,0.062826,0.078212,0.0086712,0.011187,0.1404,0.036505,0.040741,0.091787,0.017592,0.022441,0.13007,0.046253,0.048892,0.11661,0.027981,0.035425,0.12025,0.053616,0.054754,0.13818,0.0014962,0.0012255,0.0174,-0.0010457,0.0045001,-0.028832,0.0052756,0.0044198,0.03023,0.0046376,0.014375,-0.041263,0.012191,0.010508,0.042358,0.012977,0.025769,-0.0501,0.0010822,0.00081681,0.15519,0.015839,0.024536,-0.027259,0.0022874,0.0017582,0.10462,0.014979,0.033504,-0.035513,0.0040379,0.0031593,0.091315,0.017029,0.043152,-0.043138,0.44301,91,109,91,600,2,2,2,1
60,-0.011187,0.44725,0.42917,-0.75506,0.42142,-0.65363,-0.13433,-0.09463,2.933,-0.070298,3.0471,6.5774e-06,2.8428,4.0836,0.48302,5.3556,0.0090161,0.75736,0.98646,0.72308,0.56034,0.43367,0.10092,0.08985,0.26124,0.084914,0.066791,0.062488,0.33379,0.010902,0.43131,6.1586e-05,1.6346,0.91642,0.17466,0.35397,3.5219,0.21913,0.11188,0.21913,0.22158,0.27448,0.13255,0.72583,0.16719,97,56.454,2693,79283,8.3884,77.525,21544,4192,3696,0.92287,0.94939,0.060342,0.039105,0.029727,0.45153,15029,8506.1,678.23,1.8147,0,0.039163,0,0.058774,0.00052666,0.0033947,0.0070003,0.0086816,1.0337,1.6527,2.7725,0.1057,0.45528,0.42116,0.12282,0.50958,0.35312,0.11646,0.5207,0.35013,136.47,3.3693,26101,34668,32724,0.096482,0.087243,0.032916,0.16946,0.1526,0.030394,0.22911,0.20533,0.02881,0.26863,0.24047,0.026652,0.29241,0.26119,0.024434,0.010557,0.0095014,0.030967,0.015232,0.028351,-0.042858,0.022173,0.02027,0.03083,0.020741,0.03557,-0.049655,0.035243,0.032634,0.029051,0.024087,0.041836,-0.052531,0.0071973,0.0065049,0.052891,0.019592,0.028579,-0.033742,0.014228,0.013084,0.047746,0.023957,0.029328,-0.036612,0.021421,0.019939,0.041782,0.025777,0.02807,-0.037696,0.0032088,0.0028711,0.016936,0.0039602,0.0094784,-0.026468,0.0086816,0.0079133,0.022578,0.0092709,0.016274,-0.032803,0.014991,0.013848,0.023639,0.012542,0.022108,-0.03514,0.00015099,0.00012529,0.0098264,9.9065e-05,0.018429,-0.013538,0.00082068,0.0006888,0.017036,0.0020422,0.030132,-0.020002,0.0021589,0.0018269,0.022159,0.0045724,0.044021,-0.028544,0.35129,91,109,91,600,2,2,2,1
60,-0.036976,1.0274,0.97691,-0.14649,0.97082,-0.13492,-0.078946,-0.21604,2.8686,-0.0038021,3.0394,1.0959e-05,5.083,3.897,1.6956,4.9085,0.0082635,0.14711,3.0916,2.1797,1.6504,1.1141,0.02621,0.053851,0.11946,0.074258,0.066531,0.10139,0.5583,2.5856,1.3522,0.44265,1.0634,0.31966,0.11135,0.66275,6.5376,0.12201,0.13345,0.13345,0.31286,0.32602,0.15848,1.8001,2.1667,197,43.218,3251,58204,11.876,155.78,26008,5176,4080,0.92156,0.94464,0.053905,0.037652,0.0074209,0.33255,12142,7348.9,942.4,2.4427,0,0.039379,0,0.034742,0.0013575,0.0073659,0.0034805,0.0226,0.12507,1.2411,1.5209,0.12339,0.46931,0.38454,0.16223,0.51025,0.28845,0.18375,0.51075,0.26983,74.42,3.0763,39221,70326,68678,0.094006,0.091235,0.051492,0.19312,0.20497,0.055615,0.27369,0.30753,0.055258,0.33929,0.38923,0.054046,0.39033,0.44602,0.052369,0.012659,0.012872,0.059622,0.024854,0.03056,0.0052254,0.023752,0.023819,0.053025,0.02904,0.038465,0.0011374,0.035616,0.034893,0.047138,0.031084,0.043499,-0.0098293,0.011083,0.011676,0.13077,0.041186,0.037735,0.015337,0.019121,0.020151,0.10302,0.043432,0.039556,0.019143,0.026187,0.027193,0.08201,0.042119,0.038033,0.015576,0.00058337,0.00042339,0.0049436,-0.004047,0.001932,-0.018592,0.0015649,0.0011876,0.0065342,-0.0045854,0.0059887,-0.027023,0.0037655,0.0029647,0.0095336,-0.0036758,0.010309,-0.036262,0.0009933,0.000773,0.10379,0.012207,0.03053,-0.023533,0.0031731,0.0025583,0.10576,0.018882,0.04374,-0.030464,0.0059151,0.0049195,0.097475,0.023171,0.05421,-0.033448,0.45425,91,109,91,600,2,2,2,1
60,-0.01642,0.38083,0.41008,-0.76762,0.31073,-0.38981,-0.49219,0.39008,2.7957,0.12862,3.0513,4.9495e-05,2.4849,3.6541,0.46092,4.6873,0.0078911,0.76881,0.96789,0.75212,0.6211,0.49469,0.080617,0.15708,0.19386,0.072325,0.053312,0.060297,0.38251,0.058772,0.0058528,0.23179,3.9133,3.239,0.38926,0.36406,8.202,0.17203,0.16173,0.17203,0.30868,0.31925,0.12733,0.71532,0.20724,121,83.512,6361,3.3558e+05,10.51,113.82,50888,4192,3352,0.92107,0.94344,0.16453,0.11629,0.097749,0.67169,22236,9577.4,839.75,2.2483,0,0.04279,0,0.03982,0.00043032,0.0058314,3.5201e-05,0.0081306,2.8362,4.4268,1.822,0.11063,0.46367,0.40963,0.13058,0.49338,0.36604,0.12914,0.49603,0.36721,105.37,3.277,40524,73207,71671,0.10102,0.1023,0.056046,0.18748,0.18208,0.054688,0.25569,0.24009,0.052289,0.29623,0.27261,0.047795,0.31884,0.29049,0.043328,0.0065198,0.0049456,0.031102,0.0088553,0.019187,-0.058755,0.013634,0.010594,0.030829,0.011929,0.025249,-0.07307,0.022129,0.0175,0.029666,0.013984,0.030226,-0.084497,0.0042574,0.0032011,0.050881,0.012651,0.020519,-0.049149,0.009082,0.006972,0.049565,0.016895,0.022548,-0.062054,0.014431,0.011225,0.045776,0.019149,0.023098,-0.071549,0.0022624,0.0017444,0.01942,0.0017714,0.0042096,-0.032178,0.0045568,0.0036256,0.019272,0.0023098,0.0086367,-0.03841,0.0077314,0.0062977,0.019827,0.0032749,0.013133,-0.044677,0,0,0,-0.0020529,0.01759,0,0,0,0,-0.0031071,0.024498,0,7.808e-05,5.7711e-05,0.0013033,-0.0038313,0.031862,-0.012071,0.37804,91,109,91,600,2,2,2,1
60,-0.020858,0.93461,0.95333,-0.21231,0.85924,-0.14561,-0.31416,-0.14866,3.4864,-0.015891,3.0347,5.3348e-05,4.9137,3.9126,1.5719,4.9452,0.0083252,0.2124,2.4923,1.7646,1.3299,0.95645,0.049192,0.058487,0.13999,0.079453,0.071145,0.086368,0.51536,0.15808,0.95988,0.15701,0.73141,0.1691,0.05217,0.64079,2.8684,0.16225,0.13734,0.16225,0.19472,0.2265,0.12977,1.5367,0.88143,145,67.869,3977,1.2347e+05,9.6658,105.2,31816,7896,7680,0.9235,0.94325,0.053487,0.040251,0.0073004,0.26463,13675,7346,794.17,2.0395,0,0.056977,0,0.035601,0.0044332,0.031144,0.0091582,0.046701,0.4545,2.2284,1.8337,0.11768,0.4668,0.39546,0.15053,0.48781,0.332,0.14905,0.51311,0.31039,79.317,3.1636,53685,1.1615e+05,1.1508e+05,0.065825,0.05646,0.035714,0.14504,0.13788,0.041374,0.24097,0.25359,0.048191,0.33789,0.37783,0.053314,0.41492,0.4816,0.055141,0.0089278,0.0068376,0.041649,0.015022,0.019606,-0.043614,0.016921,0.012958,0.037419,0.017352,0.024475,-0.057349,0.027012,0.020485,0.035412,0.020018,0.028421,-0.073482,0.0076922,0.0059119,0.0899,0.026841,0.02824,-0.04021,0.014562,0.011318,0.077714,0.031178,0.030357,-0.050255,0.022301,0.017285,0.069179,0.034317,0.030552,-0.061481,0.0011876,0.00089432,0.0099683,-0.0019481,0.00042659,-0.018625,0.0033779,0.0024908,0.013971,-0.00041395,0.0047754,-0.03008,0.0064674,0.0046218,0.016219,0.0010401,0.0087764,-0.043096,4.8018e-05,3.1373e-05,0.00497,-0.0013445,0.0091674,-0.0090707,0.00031338,0.00021512,0.010346,-0.00091277,0.016429,-0.013782,0.0012836,0.00088039,0.020952,0.0017564,0.025068,-0.025543,0.43408,91,109,91,600,2,2,2,1
60,-0.054941,0.96445,0.98739,0.10469,0.794,0.05836,-0.44256,-0.20208,3.4432,-0.04654,3.0282,3.7394e-05,6.8461,4.6071,2.2009,6.1488,0.010352,-0.10495,3.2679,2.3967,1.8293,1.3217,0.047736,0.047888,0.085347,0.064283,0.063148,0.082651,0.60895,0.23125,2.3493,1.9819,1.8728,0.4484,0.023705,0.67666,7.584,0.059028,0.14321,0.14321,0.15258,0.164,0.098205,3.0051,4.9958,135,72.37,4573,1.6256e+05,10.307,114.34,36584,6176,3968,0.92079,0.94241,0.040595,0.032065,0.0030221,0.13948,12851,7223.3,775.33,1.9812,0,0.08481,0,0.033521,0.0016008,0.020566,0.0033514,0.036989,0.74315,1.257,0.58306,0.12058,0.46318,0.39469,0.15252,0.48286,0.33422,0.16069,0.49904,0.30922,101.27,3.1575,1.0271e+05,2.5971e+05,2.5894e+05,0.082556,0.10107,0.044253,0.17113,0.22427,0.048229,0.26749,0.34716,0.052851,0.36073,0.44904,0.056233,0.43705,0.52745,0.057382,0.011329,0.0089705,0.052216,0.021141,0.023475,-0.036384,0.021625,0.016536,0.047243,0.025147,0.030272,-0.053622,0.033217,0.024772,0.043022,0.027717,0.035609,-0.070276,0.009605,0.0078093,0.1109,0.034608,0.028547,-0.029964,0.017537,0.013834,0.092466,0.038797,0.030878,-0.042762,0.02514,0.019529,0.077044,0.03962,0.031013,-0.052769,0.0016146,0.0010982,0.01339,-0.00047526,0.0033074,-0.022511,0.0040767,0.0027507,0.016658,0.0011779,0.0085858,-0.032642,0.0070599,0.0047389,0.017492,0.0020578,0.013631,-0.042045,0.0001098,6.3003e-05,0.011228,-0.00045975,0.017383,-0.010364,0.00078995,0.00047713,0.025765,0.0023563,0.025307,-0.022609,0.0025648,0.0015672,0.041362,0.0076024,0.033731,-0.032544,0.43518,91,109,91,600,2,2,2,1
